TransactionID,Date,Item,Category,Season
1,2024-01-02,Guava,Fruit,Winter
1,2024-01-02,Beetroot,Vegetable,Winter
2,2024-05-09,Muskmelon,Fruit,Summer
2,2024-05-09,Coriander,Vegetable,All
2,2024-05-09,Tomato,Vegetable,Summer
2,2024-05-09,Pineapple,Fruit,Summer
2,2024-05-09,Mango,Fruit,Summer
3,2024-04-09,Ginger,Vegetable,All
3,2024-04-09,Onion,Vegetable,All
3,2024-04-09,Mango,Fruit,Summer
4,2024-01-06,Onion,Vegetable,All
4,2024-01-06,Guava,Fruit,Winter
4,2024-01-06,Carrot,Vegetable,Winter
4,2024-01-06,Beetroot,Vegetable,Winter
4,2024-01-06,Green Peas,Vegetable,Winter
5,2024-02-28,Beetroot,Vegetable,Winter
5,2024-02-28,Cabbage,Vegetable,Winter
6,2024-12-04,Carrot,Vegetable,Winter
6,2024-12-04,Potato,Vegetable,All
6,2024-12-04,Cauliflower,Vegetable,Winter
6,2024-12-04,Spinach,Vegetable,Winter
6,2024-12-04,Green Peas,Vegetable,Winter
7,2024-07-24,Brinjal,Vegetable,Rainy
7,2024-07-24,Chilli,Vegetable,Rainy
8,2024-04-11,Onion,Vegetable,All
8,2024-04-11,Coriander,Vegetable,All
8,2024-04-11,Papaya,Fruit,Summer
8,2024-04-11,Tomato,Vegetable,Summer
8,2024-04-11,Ladyfinger,Vegetable,Summer
9,2024-11-08,Spinach,Vegetable,Winter
9,2024-11-08,Garlic,Vegetable,All
9,2024-11-08,Green Peas,Vegetable,Winter
9,2024-11-08,Guava,Fruit,Winter
9,2024-11-08,Coriander,Vegetable,All
10,2024-10-19,Garlic,Vegetable,All
10,2024-10-19,Potato,Vegetable,All
11,2024-04-08,Ginger,Vegetable,All
11,2024-04-08,Tomato,Vegetable,Summer
11,2024-04-08,Ladyfinger,Vegetable,Summer
12,2024-05-01,Watermelon,Fruit,Summer
12,2024-05-01,Garlic,Vegetable,All
12,2024-05-01,Papaya,Fruit,Summer
13,2024-03-17,Pineapple,Fruit,Summer
13,2024-03-17,Watermelon,Fruit,Summer
13,2024-03-17,Ginger,Vegetable,All
14,2024-05-01,Papaya,Fruit,Summer
14,2024-05-01,Potato,Vegetable,All
14,2024-05-01,Ginger,Vegetable,All
15,2024-09-25,Potato,Vegetable,All
15,2024-09-25,Bottle Gourd,Vegetable,Rainy
15,2024-09-25,Ginger,Vegetable,All
15,2024-09-25,Brinjal,Vegetable,Rainy
15,2024-09-25,Radish,Vegetable,Rainy
16,2024-05-11,Ginger,Vegetable,All
16,2024-05-11,Ladyfinger,Vegetable,Summer
17,2024-09-18,Brinjal,Vegetable,Rainy
17,2024-09-18,Bottle Gourd,Vegetable,Rainy
17,2024-09-18,Chilli,Vegetable,Rainy
17,2024-09-18,Pumpkin,Vegetable,Rainy
18,2024-02-29,Potato,Vegetable,All
18,2024-02-29,Cauliflower,Vegetable,Winter
18,2024-02-29,Guava,Fruit,Winter
18,2024-02-29,Ginger,Vegetable,All
18,2024-02-29,Onion,Vegetable,All
19,2024-06-12,Papaya,Fruit,Summer
19,2024-06-12,Capsicum,Vegetable,Summer
19,2024-06-12,Ginger,Vegetable,All
20,2024-03-04,Papaya,Fruit,Summer
20,2024-03-04,Mango,Fruit,Summer
21,2024-04-22,Ladyfinger,Vegetable,Summer
21,2024-04-22,Tomato,Vegetable,Summer
21,2024-04-22,Mango,Fruit,Summer
21,2024-04-22,Garlic,Vegetable,All
21,2024-04-22,Muskmelon,Fruit,Summer
22,2024-01-15,Cabbage,Vegetable,Winter
22,2024-01-15,Onion,Vegetable,All
22,2024-01-15,Cauliflower,Vegetable,Winter
22,2024-01-15,Ginger,Vegetable,All
23,2024-01-22,Spinach,Vegetable,Winter
23,2024-01-22,Guava,Fruit,Winter
23,2024-01-22,Cauliflower,Vegetable,Winter
23,2024-01-22,Garlic,Vegetable,All
24,2024-03-18,Mango,Fruit,Summer
24,2024-03-18,Onion,Vegetable,All
24,2024-03-18,Ladyfinger,Vegetable,Summer
25,2024-08-03,Chilli,Vegetable,Rainy
25,2024-08-03,Pumpkin,Vegetable,Rainy
25,2024-08-03,Bottle Gourd,Vegetable,Rainy
25,2024-08-03,Banana,Fruit,Rainy
26,2024-09-22,Coriander,Vegetable,All
26,2024-09-22,Garlic,Vegetable,All
26,2024-09-22,Bottle Gourd,Vegetable,Rainy
26,2024-09-22,Pumpkin,Vegetable,Rainy
27,2024-11-19,Potato,Vegetable,All
27,2024-11-19,Guava,Fruit,Winter
27,2024-11-19,Garlic,Vegetable,All
27,2024-11-19,Cabbage,Vegetable,Winter
28,2024-06-06,Papaya,Fruit,Summer
28,2024-06-06,Tomato,Vegetable,Summer
28,2024-06-06,Garlic,Vegetable,All
29,2024-09-02,Coriander,Vegetable,All
29,2024-09-02,Ginger,Vegetable,All
29,2024-09-02,Banana,Fruit,Rainy
29,2024-09-02,Potato,Vegetable,All
29,2024-09-02,Bottle Gourd,Vegetable,Rainy
30,2024-09-25,Garlic,Vegetable,All
30,2024-09-25,Radish,Vegetable,Rainy
30,2024-09-25,Ginger,Vegetable,All
30,2024-09-25,Pumpkin,Vegetable,Rainy
31,2024-09-12,Onion,Vegetable,All
31,2024-09-12,Radish,Vegetable,Rainy
31,2024-09-12,Ginger,Vegetable,All
31,2024-09-12,Bottle Gourd,Vegetable,Rainy
32,2024-05-23,Tomato,Vegetable,Summer
32,2024-05-23,Onion,Vegetable,All
33,2024-09-12,Brinjal,Vegetable,Rainy
33,2024-09-12,Radish,Vegetable,Rainy
33,2024-09-12,Ginger,Vegetable,All
33,2024-09-12,Chilli,Vegetable,Rainy
34,2024-07-25,Chilli,Vegetable,Rainy
34,2024-07-25,Potato,Vegetable,All
34,2024-07-25,Onion,Vegetable,All
34,2024-07-25,Pumpkin,Vegetable,Rainy
35,2024-10-08,Ginger,Vegetable,All
35,2024-10-08,Onion,Vegetable,All
35,2024-10-08,Potato,Vegetable,All
36,2024-09-30,Garlic,Vegetable,All
36,2024-09-30,Pumpkin,Vegetable,Rainy
36,2024-09-30,Banana,Fruit,Rainy
36,2024-09-30,Chilli,Vegetable,Rainy
36,2024-09-30,Ginger,Vegetable,All
37,2024-10-01,Coriander,Vegetable,All
37,2024-10-01,Potato,Vegetable,All
38,2024-04-10,Capsicum,Vegetable,Summer
38,2024-04-10,Pineapple,Fruit,Summer
38,2024-04-10,Potato,Vegetable,All
38,2024-04-10,Muskmelon,Fruit,Summer
39,2024-10-12,Onion,Vegetable,All
39,2024-10-12,Potato,Vegetable,All
40,2024-08-10,Coriander,Vegetable,All
40,2024-08-10,Chilli,Vegetable,Rainy
40,2024-08-10,Potato,Vegetable,All
40,2024-08-10,Pumpkin,Vegetable,Rainy
40,2024-08-10,Banana,Fruit,Rainy
41,2024-03-15,Garlic,Vegetable,All
41,2024-03-15,Mango,Fruit,Summer
41,2024-03-15,Watermelon,Fruit,Summer
42,2024-09-04,Coriander,Vegetable,All
42,2024-09-04,Banana,Fruit,Rainy
42,2024-09-04,Radish,Vegetable,Rainy
43,2024-10-14,Onion,Vegetable,All
43,2024-10-14,Ginger,Vegetable,All
43,2024-10-14,Potato,Vegetable,All
43,2024-10-14,Garlic,Vegetable,All
43,2024-10-14,Coriander,Vegetable,All
44,2024-04-20,Tomato,Vegetable,Summer
44,2024-04-20,Ginger,Vegetable,All
45,2024-06-20,Muskmelon,Fruit,Summer
45,2024-06-20,Capsicum,Vegetable,Summer
45,2024-06-20,Coriander,Vegetable,All
46,2024-12-17,Garlic,Vegetable,All
46,2024-12-17,Coriander,Vegetable,All
46,2024-12-17,Carrot,Vegetable,Winter
47,2024-02-16,Spinach,Vegetable,Winter
47,2024-02-16,Coriander,Vegetable,All
47,2024-02-16,Guava,Fruit,Winter
48,2024-04-21,Coriander,Vegetable,All
48,2024-04-21,Mango,Fruit,Summer
48,2024-04-21,Papaya,Fruit,Summer
48,2024-04-21,Capsicum,Vegetable,Summer
49,2024-01-18,Beetroot,Vegetable,Winter
49,2024-01-18,Garlic,Vegetable,All
49,2024-01-18,Guava,Fruit,Winter
50,2024-03-14,Capsicum,Vegetable,Summer
50,2024-03-14,Ginger,Vegetable,All
50,2024-03-14,Coriander,Vegetable,All
50,2024-03-14,Potato,Vegetable,All
51,2024-11-11,Guava,Fruit,Winter
51,2024-11-11,Onion,Vegetable,All
51,2024-11-11,Ginger,Vegetable,All
51,2024-11-11,Cabbage,Vegetable,Winter
52,2024-01-24,Beetroot,Vegetable,Winter
52,2024-01-24,Onion,Vegetable,All
53,2024-07-31,Chilli,Vegetable,Rainy
53,2024-07-31,Garlic,Vegetable,All
53,2024-07-31,Radish,Vegetable,Rainy
53,2024-07-31,Coriander,Vegetable,All
54,2024-03-26,Potato,Vegetable,All
54,2024-03-26,Onion,Vegetable,All
54,2024-03-26,Capsicum,Vegetable,Summer
55,2024-01-20,Coriander,Vegetable,All
55,2024-01-20,Beetroot,Vegetable,Winter
55,2024-01-20,Green Peas,Vegetable,Winter
55,2024-01-20,Onion,Vegetable,All
56,2024-04-27,Pineapple,Fruit,Summer
56,2024-04-27,Papaya,Fruit,Summer
57,2024-05-17,Watermelon,Fruit,Summer
57,2024-05-17,Potato,Vegetable,All
57,2024-05-17,Onion,Vegetable,All
57,2024-05-17,Papaya,Fruit,Summer
57,2024-05-17,Ginger,Vegetable,All
58,2024-06-19,Ladyfinger,Vegetable,Summer
58,2024-06-19,Onion,Vegetable,All
58,2024-06-19,Tomato,Vegetable,Summer
58,2024-06-19,Pineapple,Fruit,Summer
59,2024-01-23,Apple,Fruit,Winter
59,2024-01-23,Cauliflower,Vegetable,Winter
59,2024-01-23,Guava,Fruit,Winter
59,2024-01-23,Potato,Vegetable,All
60,2024-04-09,Ginger,Vegetable,All
60,2024-04-09,Capsicum,Vegetable,Summer
60,2024-04-09,Mango,Fruit,Summer
60,2024-04-09,Ladyfinger,Vegetable,Summer
60,2024-04-09,Pineapple,Fruit,Summer
61,2024-01-31,Ginger,Vegetable,All
61,2024-01-31,Coriander,Vegetable,All
62,2024-10-16,Onion,Vegetable,All
62,2024-10-16,Garlic,Vegetable,All
62,2024-10-16,Ginger,Vegetable,All
62,2024-10-16,Potato,Vegetable,All
62,2024-10-16,Coriander,Vegetable,All
63,2024-08-09,Potato,Vegetable,All
63,2024-08-09,Pumpkin,Vegetable,Rainy
63,2024-08-09,Chilli,Vegetable,Rainy
64,2024-11-26,Carrot,Vegetable,Winter
64,2024-11-26,Guava,Fruit,Winter
64,2024-11-26,Potato,Vegetable,All
64,2024-11-26,Apple,Fruit,Winter
65,2024-01-26,Potato,Vegetable,All
65,2024-01-26,Coriander,Vegetable,All
65,2024-01-26,Spinach,Vegetable,Winter
65,2024-01-26,Apple,Fruit,Winter
65,2024-01-26,Cauliflower,Vegetable,Winter
66,2024-03-19,Ginger,Vegetable,All
66,2024-03-19,Coriander,Vegetable,All
66,2024-03-19,Garlic,Vegetable,All
66,2024-03-19,Onion,Vegetable,All
66,2024-03-19,Capsicum,Vegetable,Summer
67,2024-07-04,Potato,Vegetable,All
67,2024-07-04,Pumpkin,Vegetable,Rainy
67,2024-07-04,Ginger,Vegetable,All
67,2024-07-04,Radish,Vegetable,Rainy
68,2024-05-25,Pineapple,Fruit,Summer
68,2024-05-25,Capsicum,Vegetable,Summer
68,2024-05-25,Ginger,Vegetable,All
69,2024-03-19,Mango,Fruit,Summer
69,2024-03-19,Garlic,Vegetable,All
69,2024-03-19,Ladyfinger,Vegetable,Summer
70,2024-02-19,Coriander,Vegetable,All
70,2024-02-19,Guava,Fruit,Winter
71,2024-04-02,Pineapple,Fruit,Summer
71,2024-04-02,Muskmelon,Fruit,Summer
72,2024-02-23,Guava,Fruit,Winter
72,2024-02-23,Carrot,Vegetable,Winter
73,2024-07-10,Banana,Fruit,Rainy
73,2024-07-10,Coriander,Vegetable,All
73,2024-07-10,Potato,Vegetable,All
73,2024-07-10,Bottle Gourd,Vegetable,Rainy
73,2024-07-10,Ginger,Vegetable,All
74,2024-03-04,Coriander,Vegetable,All
74,2024-03-04,Pineapple,Fruit,Summer
74,2024-03-04,Muskmelon,Fruit,Summer
74,2024-03-04,Papaya,Fruit,Summer
74,2024-03-04,Ladyfinger,Vegetable,Summer
75,2024-02-04,Guava,Fruit,Winter
75,2024-02-04,Onion,Vegetable,All
75,2024-02-04,Ginger,Vegetable,All
75,2024-02-04,Coriander,Vegetable,All
75,2024-02-04,Apple,Fruit,Winter
76,2024-03-13,Onion,Vegetable,All
76,2024-03-13,Watermelon,Fruit,Summer
76,2024-03-13,Ginger,Vegetable,All
76,2024-03-13,Pineapple,Fruit,Summer
76,2024-03-13,Tomato,Vegetable,Summer
77,2024-08-26,Ginger,Vegetable,All
77,2024-08-26,Pumpkin,Vegetable,Rainy
77,2024-08-26,Radish,Vegetable,Rainy
78,2024-05-04,Coriander,Vegetable,All
78,2024-05-04,Potato,Vegetable,All
78,2024-05-04,Papaya,Fruit,Summer
79,2024-04-30,Garlic,Vegetable,All
79,2024-04-30,Mango,Fruit,Summer
80,2024-12-13,Carrot,Vegetable,Winter
80,2024-12-13,Guava,Fruit,Winter
80,2024-12-13,Green Peas,Vegetable,Winter
80,2024-12-13,Cauliflower,Vegetable,Winter
80,2024-12-13,Spinach,Vegetable,Winter
81,2024-12-04,Garlic,Vegetable,All
81,2024-12-04,Cauliflower,Vegetable,Winter
81,2024-12-04,Potato,Vegetable,All
81,2024-12-04,Cabbage,Vegetable,Winter
81,2024-12-04,Ginger,Vegetable,All
82,2024-01-26,Potato,Vegetable,All
82,2024-01-26,Spinach,Vegetable,Winter
82,2024-01-26,Onion,Vegetable,All
82,2024-01-26,Ginger,Vegetable,All
82,2024-01-26,Carrot,Vegetable,Winter
83,2024-02-11,Garlic,Vegetable,All
83,2024-02-11,Guava,Fruit,Winter
83,2024-02-11,Cabbage,Vegetable,Winter
84,2024-12-11,Spinach,Vegetable,Winter
84,2024-12-11,Green Peas,Vegetable,Winter
84,2024-12-11,Beetroot,Vegetable,Winter
84,2024-12-11,Garlic,Vegetable,All
85,2024-12-18,Coriander,Vegetable,All
85,2024-12-18,Ginger,Vegetable,All
86,2024-04-06,Watermelon,Fruit,Summer
86,2024-04-06,Capsicum,Vegetable,Summer
86,2024-04-06,Ginger,Vegetable,All
87,2024-02-09,Carrot,Vegetable,Winter
87,2024-02-09,Apple,Fruit,Winter
88,2024-06-22,Ladyfinger,Vegetable,Summer
88,2024-06-22,Potato,Vegetable,All
88,2024-06-22,Mango,Fruit,Summer
88,2024-06-22,Ginger,Vegetable,All
88,2024-06-22,Onion,Vegetable,All
89,2024-05-22,Pineapple,Fruit,Summer
89,2024-05-22,Mango,Fruit,Summer
89,2024-05-22,Watermelon,Fruit,Summer
90,2024-09-06,Banana,Fruit,Rainy
90,2024-09-06,Radish,Vegetable,Rainy
90,2024-09-06,Bottle Gourd,Vegetable,Rainy
90,2024-09-06,Coriander,Vegetable,All
90,2024-09-06,Brinjal,Vegetable,Rainy
91,2024-04-26,Ladyfinger,Vegetable,Summer
91,2024-04-26,Mango,Fruit,Summer
91,2024-04-26,Muskmelon,Fruit,Summer
91,2024-04-26,Watermelon,Fruit,Summer
91,2024-04-26,Coriander,Vegetable,All
92,2024-01-16,Coriander,Vegetable,All
92,2024-01-16,Potato,Vegetable,All
92,2024-01-16,Onion,Vegetable,All
93,2024-07-28,Coriander,Vegetable,All
93,2024-07-28,Garlic,Vegetable,All
93,2024-07-28,Chilli,Vegetable,Rainy
93,2024-07-28,Pumpkin,Vegetable,Rainy
93,2024-07-28,Brinjal,Vegetable,Rainy
94,2024-05-09,Papaya,Fruit,Summer
94,2024-05-09,Garlic,Vegetable,All
94,2024-05-09,Ginger,Vegetable,All
95,2024-07-27,Bottle Gourd,Vegetable,Rainy
95,2024-07-27,Ginger,Vegetable,All
95,2024-07-27,Garlic,Vegetable,All
96,2024-09-06,Brinjal,Vegetable,Rainy
96,2024-09-06,Chilli,Vegetable,Rainy
96,2024-09-06,Ginger,Vegetable,All
97,2024-02-14,Potato,Vegetable,All
97,2024-02-14,Guava,Fruit,Winter
97,2024-02-14,Coriander,Vegetable,All
97,2024-02-14,Carrot,Vegetable,Winter
98,2024-12-03,Onion,Vegetable,All
98,2024-12-03,Cauliflower,Vegetable,Winter
99,2024-02-10,Cabbage,Vegetable,Winter
99,2024-02-10,Beetroot,Vegetable,Winter
99,2024-02-10,Green Peas,Vegetable,Winter
100,2024-08-23,Potato,Vegetable,All
100,2024-08-23,Chilli,Vegetable,Rainy
100,2024-08-23,Ginger,Vegetable,All
100,2024-08-23,Brinjal,Vegetable,Rainy
100,2024-08-23,Coriander,Vegetable,All
101,2024-08-25,Potato,Vegetable,All
101,2024-08-25,Radish,Vegetable,Rainy
101,2024-08-25,Ginger,Vegetable,All
101,2024-08-25,Pumpkin,Vegetable,Rainy
102,2024-04-05,Garlic,Vegetable,All
102,2024-04-05,Tomato,Vegetable,Summer
102,2024-04-05,Capsicum,Vegetable,Summer
102,2024-04-05,Pineapple,Fruit,Summer
102,2024-04-05,Papaya,Fruit,Summer
103,2024-11-10,Spinach,Vegetable,Winter
103,2024-11-10,Potato,Vegetable,All
104,2024-07-12,Onion,Vegetable,All
104,2024-07-12,Bottle Gourd,Vegetable,Rainy
104,2024-07-12,Potato,Vegetable,All
105,2024-07-03,Pumpkin,Vegetable,Rainy
105,2024-07-03,Chilli,Vegetable,Rainy
105,2024-07-03,Onion,Vegetable,All
106,2024-11-20,Green Peas,Vegetable,Winter
106,2024-11-20,Beetroot,Vegetable,Winter
106,2024-11-20,Garlic,Vegetable,All
106,2024-11-20,Coriander,Vegetable,All
106,2024-11-20,Guava,Fruit,Winter
107,2024-07-10,Potato,Vegetable,All
107,2024-07-10,Chilli,Vegetable,Rainy
107,2024-07-10,Bottle Gourd,Vegetable,Rainy
107,2024-07-10,Garlic,Vegetable,All
108,2024-09-27,Brinjal,Vegetable,Rainy
108,2024-09-27,Potato,Vegetable,All
108,2024-09-27,Banana,Fruit,Rainy
108,2024-09-27,Chilli,Vegetable,Rainy
109,2024-06-21,Coriander,Vegetable,All
109,2024-06-21,Capsicum,Vegetable,Summer
109,2024-06-21,Ladyfinger,Vegetable,Summer
110,2024-12-17,Cabbage,Vegetable,Winter
110,2024-12-17,Garlic,Vegetable,All
110,2024-12-17,Beetroot,Vegetable,Winter
110,2024-12-17,Onion,Vegetable,All
110,2024-12-17,Spinach,Vegetable,Winter
111,2024-05-21,Ladyfinger,Vegetable,Summer
111,2024-05-21,Tomato,Vegetable,Summer
111,2024-05-21,Mango,Fruit,Summer
112,2024-12-15,Garlic,Vegetable,All
112,2024-12-15,Green Peas,Vegetable,Winter
113,2024-01-30,Guava,Fruit,Winter
113,2024-01-30,Onion,Vegetable,All
114,2024-05-24,Watermelon,Fruit,Summer
114,2024-05-24,Garlic,Vegetable,All
114,2024-05-24,Pineapple,Fruit,Summer
114,2024-05-24,Coriander,Vegetable,All
114,2024-05-24,Ladyfinger,Vegetable,Summer
115,2024-03-31,Muskmelon,Fruit,Summer
115,2024-03-31,Capsicum,Vegetable,Summer
115,2024-03-31,Mango,Fruit,Summer
115,2024-03-31,Ginger,Vegetable,All
115,2024-03-31,Papaya,Fruit,Summer
116,2024-09-24,Banana,Fruit,Rainy
116,2024-09-24,Coriander,Vegetable,All
116,2024-09-24,Ginger,Vegetable,All
117,2024-03-29,Capsicum,Vegetable,Summer
117,2024-03-29,Watermelon,Fruit,Summer
117,2024-03-29,Garlic,Vegetable,All
118,2024-06-22,Coriander,Vegetable,All
118,2024-06-22,Watermelon,Fruit,Summer
118,2024-06-22,Garlic,Vegetable,All
119,2024-07-02,Chilli,Vegetable,Rainy
119,2024-07-02,Bottle Gourd,Vegetable,Rainy
120,2024-07-16,Onion,Vegetable,All
120,2024-07-16,Ginger,Vegetable,All
120,2024-07-16,Banana,Fruit,Rainy
120,2024-07-16,Radish,Vegetable,Rainy
121,2024-06-04,Watermelon,Fruit,Summer
121,2024-06-04,Pineapple,Fruit,Summer
121,2024-06-04,Capsicum,Vegetable,Summer
121,2024-06-04,Papaya,Fruit,Summer
122,2024-03-04,Watermelon,Fruit,Summer
122,2024-03-04,Ginger,Vegetable,All
122,2024-03-04,Onion,Vegetable,All
122,2024-03-04,Pineapple,Fruit,Summer
123,2024-04-23,Muskmelon,Fruit,Summer
123,2024-04-23,Ginger,Vegetable,All
123,2024-04-23,Ladyfinger,Vegetable,Summer
123,2024-04-23,Pineapple,Fruit,Summer
123,2024-04-23,Capsicum,Vegetable,Summer
124,2024-12-07,Beetroot,Vegetable,Winter
124,2024-12-07,Ginger,Vegetable,All
124,2024-12-07,Garlic,Vegetable,All
124,2024-12-07,Potato,Vegetable,All
125,2024-12-24,Ginger,Vegetable,All
125,2024-12-24,Potato,Vegetable,All
125,2024-12-24,Cabbage,Vegetable,Winter
125,2024-12-24,Coriander,Vegetable,All
125,2024-12-24,Carrot,Vegetable,Winter
126,2024-02-01,Ginger,Vegetable,All
126,2024-02-01,Garlic,Vegetable,All
126,2024-02-01,Onion,Vegetable,All
127,2024-11-26,Ginger,Vegetable,All
127,2024-11-26,Spinach,Vegetable,Winter
127,2024-11-26,Apple,Fruit,Winter
127,2024-11-26,Guava,Fruit,Winter
128,2024-11-24,Green Peas,Vegetable,Winter
128,2024-11-24,Spinach,Vegetable,Winter
128,2024-11-24,Potato,Vegetable,All
128,2024-11-24,Apple,Fruit,Winter
128,2024-11-24,Guava,Fruit,Winter
129,2024-10-25,Potato,Vegetable,All
129,2024-10-25,Onion,Vegetable,All
129,2024-10-25,Ginger,Vegetable,All
129,2024-10-25,Coriander,Vegetable,All
129,2024-10-25,Garlic,Vegetable,All
130,2024-10-19,Onion,Vegetable,All
130,2024-10-19,Garlic,Vegetable,All
130,2024-10-19,Coriander,Vegetable,All
130,2024-10-19,Potato,Vegetable,All
131,2024-03-09,Coriander,Vegetable,All
131,2024-03-09,Mango,Fruit,Summer
131,2024-03-09,Tomato,Vegetable,Summer
132,2024-02-28,Onion,Vegetable,All
132,2024-02-28,Beetroot,Vegetable,Winter
132,2024-02-28,Cabbage,Vegetable,Winter
132,2024-02-28,Carrot,Vegetable,Winter
132,2024-02-28,Potato,Vegetable,All
133,2024-10-06,Ginger,Vegetable,All
133,2024-10-06,Garlic,Vegetable,All
133,2024-10-06,Onion,Vegetable,All
133,2024-10-06,Coriander,Vegetable,All
133,2024-10-06,Potato,Vegetable,All
134,2024-01-01,Cabbage,Vegetable,Winter
134,2024-01-01,Spinach,Vegetable,Winter
134,2024-01-01,Ginger,Vegetable,All
135,2024-07-27,Garlic,Vegetable,All
135,2024-07-27,Coriander,Vegetable,All
136,2024-12-13,Guava,Fruit,Winter
136,2024-12-13,Cauliflower,Vegetable,Winter
137,2024-01-19,Cabbage,Vegetable,Winter
137,2024-01-19,Apple,Fruit,Winter
138,2024-08-23,Coriander,Vegetable,All
138,2024-08-23,Brinjal,Vegetable,Rainy
138,2024-08-23,Ginger,Vegetable,All
138,2024-08-23,Chilli,Vegetable,Rainy
139,2024-11-08,Carrot,Vegetable,Winter
139,2024-11-08,Ginger,Vegetable,All
139,2024-11-08,Cauliflower,Vegetable,Winter
139,2024-11-08,Garlic,Vegetable,All
140,2024-02-05,Ginger,Vegetable,All
140,2024-02-05,Carrot,Vegetable,Winter
140,2024-02-05,Garlic,Vegetable,All
140,2024-02-05,Onion,Vegetable,All
141,2024-07-20,Coriander,Vegetable,All
141,2024-07-20,Bottle Gourd,Vegetable,Rainy
142,2024-08-10,Bottle Gourd,Vegetable,Rainy
142,2024-08-10,Chilli,Vegetable,Rainy
142,2024-08-10,Radish,Vegetable,Rainy
142,2024-08-10,Pumpkin,Vegetable,Rainy
142,2024-08-10,Ginger,Vegetable,All
143,2024-12-09,Potato,Vegetable,All
143,2024-12-09,Cauliflower,Vegetable,Winter
143,2024-12-09,Beetroot,Vegetable,Winter
144,2024-09-12,Potato,Vegetable,All
144,2024-09-12,Pumpkin,Vegetable,Rainy
144,2024-09-12,Chilli,Vegetable,Rainy
144,2024-09-12,Radish,Vegetable,Rainy
144,2024-09-12,Brinjal,Vegetable,Rainy
145,2024-12-19,Cabbage,Vegetable,Winter
145,2024-12-19,Spinach,Vegetable,Winter
145,2024-12-19,Potato,Vegetable,All
145,2024-12-19,Onion,Vegetable,All
145,2024-12-19,Beetroot,Vegetable,Winter
146,2024-01-17,Ginger,Vegetable,All
146,2024-01-17,Spinach,Vegetable,Winter
146,2024-01-17,Guava,Fruit,Winter
146,2024-01-17,Apple,Fruit,Winter
146,2024-01-17,Garlic,Vegetable,All
147,2024-06-21,Capsicum,Vegetable,Summer
147,2024-06-21,Mango,Fruit,Summer
147,2024-06-21,Papaya,Fruit,Summer
148,2024-08-27,Potato,Vegetable,All
148,2024-08-27,Ginger,Vegetable,All
149,2024-09-30,Ginger,Vegetable,All
149,2024-09-30,Garlic,Vegetable,All
149,2024-09-30,Onion,Vegetable,All
149,2024-09-30,Coriander,Vegetable,All
150,2024-11-07,Garlic,Vegetable,All
150,2024-11-07,Spinach,Vegetable,Winter
151,2024-05-28,Capsicum,Vegetable,Summer
151,2024-05-28,Ginger,Vegetable,All
152,2024-12-19,Cabbage,Vegetable,Winter
152,2024-12-19,Green Peas,Vegetable,Winter
153,2024-05-05,Ladyfinger,Vegetable,Summer
153,2024-05-05,Pineapple,Fruit,Summer
153,2024-05-05,Garlic,Vegetable,All
153,2024-05-05,Watermelon,Fruit,Summer
153,2024-05-05,Tomato,Vegetable,Summer
154,2024-10-21,Onion,Vegetable,All
154,2024-10-21,Ginger,Vegetable,All
155,2024-05-15,Tomato,Vegetable,Summer
155,2024-05-15,Capsicum,Vegetable,Summer
155,2024-05-15,Coriander,Vegetable,All
155,2024-05-15,Garlic,Vegetable,All
156,2024-07-27,Bottle Gourd,Vegetable,Rainy
156,2024-07-27,Onion,Vegetable,All
156,2024-07-27,Pumpkin,Vegetable,Rainy
156,2024-07-27,Garlic,Vegetable,All
156,2024-07-27,Potato,Vegetable,All
157,2024-12-22,Onion,Vegetable,All
157,2024-12-22,Cabbage,Vegetable,Winter
157,2024-12-22,Carrot,Vegetable,Winter
158,2024-06-06,Papaya,Fruit,Summer
158,2024-06-06,Onion,Vegetable,All
158,2024-06-06,Muskmelon,Fruit,Summer
159,2024-08-31,Banana,Fruit,Rainy
159,2024-08-31,Onion,Vegetable,All
160,2024-04-29,Mango,Fruit,Summer
160,2024-04-29,Papaya,Fruit,Summer
161,2024-02-08,Carrot,Vegetable,Winter
161,2024-02-08,Garlic,Vegetable,All
161,2024-02-08,Onion,Vegetable,All
161,2024-02-08,Coriander,Vegetable,All
162,2024-06-15,Ladyfinger,Vegetable,Summer
162,2024-06-15,Tomato,Vegetable,Summer
162,2024-06-15,Potato,Vegetable,All
163,2024-07-02,Potato,Vegetable,All
163,2024-07-02,Radish,Vegetable,Rainy
164,2024-02-28,Cabbage,Vegetable,Winter
164,2024-02-28,Guava,Fruit,Winter
164,2024-02-28,Spinach,Vegetable,Winter
164,2024-02-28,Cauliflower,Vegetable,Winter
164,2024-02-28,Garlic,Vegetable,All
165,2024-03-17,Ginger,Vegetable,All
165,2024-03-17,Ladyfinger,Vegetable,Summer
165,2024-03-17,Capsicum,Vegetable,Summer
165,2024-03-17,Muskmelon,Fruit,Summer
165,2024-03-17,Garlic,Vegetable,All
166,2024-12-01,Spinach,Vegetable,Winter
166,2024-12-01,Potato,Vegetable,All
166,2024-12-01,Carrot,Vegetable,Winter
166,2024-12-01,Ginger,Vegetable,All
167,2024-10-13,Coriander,Vegetable,All
167,2024-10-13,Ginger,Vegetable,All
167,2024-10-13,Potato,Vegetable,All
167,2024-10-13,Onion,Vegetable,All
168,2024-04-12,Onion,Vegetable,All
168,2024-04-12,Papaya,Fruit,Summer
168,2024-04-12,Garlic,Vegetable,All
168,2024-04-12,Ginger,Vegetable,All
169,2024-11-19,Coriander,Vegetable,All
169,2024-11-19,Garlic,Vegetable,All
169,2024-11-19,Cauliflower,Vegetable,Winter
169,2024-11-19,Carrot,Vegetable,Winter
170,2024-02-17,Spinach,Vegetable,Winter
170,2024-02-17,Potato,Vegetable,All
170,2024-02-17,Cabbage,Vegetable,Winter
171,2024-07-08,Garlic,Vegetable,All
171,2024-07-08,Pumpkin,Vegetable,Rainy
171,2024-07-08,Bottle Gourd,Vegetable,Rainy
171,2024-07-08,Ginger,Vegetable,All
172,2024-09-11,Ginger,Vegetable,All
172,2024-09-11,Banana,Fruit,Rainy
172,2024-09-11,Onion,Vegetable,All
172,2024-09-11,Potato,Vegetable,All
173,2024-05-01,Potato,Vegetable,All
173,2024-05-01,Mango,Fruit,Summer
174,2024-09-18,Pumpkin,Vegetable,Rainy
174,2024-09-18,Banana,Fruit,Rainy
174,2024-09-18,Garlic,Vegetable,All
175,2024-02-20,Beetroot,Vegetable,Winter
175,2024-02-20,Green Peas,Vegetable,Winter
175,2024-02-20,Onion,Vegetable,All
175,2024-02-20,Cabbage,Vegetable,Winter
176,2024-09-30,Ginger,Vegetable,All
176,2024-09-30,Pumpkin,Vegetable,Rainy
176,2024-09-30,Banana,Fruit,Rainy
176,2024-09-30,Garlic,Vegetable,All
177,2024-05-07,Pineapple,Fruit,Summer
177,2024-05-07,Mango,Fruit,Summer
177,2024-05-07,Onion,Vegetable,All
177,2024-05-07,Garlic,Vegetable,All
178,2024-10-24,Potato,Vegetable,All
178,2024-10-24,Onion,Vegetable,All
178,2024-10-24,Coriander,Vegetable,All
178,2024-10-24,Garlic,Vegetable,All
179,2024-06-15,Ladyfinger,Vegetable,Summer
179,2024-06-15,Papaya,Fruit,Summer
180,2024-08-13,Bottle Gourd,Vegetable,Rainy
180,2024-08-13,Radish,Vegetable,Rainy
181,2024-06-23,Mango,Fruit,Summer
181,2024-06-23,Watermelon,Fruit,Summer
181,2024-06-23,Papaya,Fruit,Summer
181,2024-06-23,Ladyfinger,Vegetable,Summer
181,2024-06-23,Muskmelon,Fruit,Summer
182,2024-05-30,Pineapple,Fruit,Summer
182,2024-05-30,Muskmelon,Fruit,Summer
183,2024-06-20,Mango,Fruit,Summer
183,2024-06-20,Potato,Vegetable,All
184,2024-06-19,Coriander,Vegetable,All
184,2024-06-19,Onion,Vegetable,All
184,2024-06-19,Watermelon,Fruit,Summer
185,2024-05-28,Capsicum,Vegetable,Summer
185,2024-05-28,Potato,Vegetable,All
185,2024-05-28,Onion,Vegetable,All
185,2024-05-28,Papaya,Fruit,Summer
185,2024-05-28,Coriander,Vegetable,All
186,2024-08-27,Bottle Gourd,Vegetable,Rainy
186,2024-08-27,Ginger,Vegetable,All
187,2024-03-14,Mango,Fruit,Summer
187,2024-03-14,Potato,Vegetable,All
187,2024-03-14,Papaya,Fruit,Summer
188,2024-09-23,Garlic,Vegetable,All
188,2024-09-23,Bottle Gourd,Vegetable,Rainy
188,2024-09-23,Radish,Vegetable,Rainy
189,2024-09-06,Coriander,Vegetable,All
189,2024-09-06,Brinjal,Vegetable,Rainy
189,2024-09-06,Garlic,Vegetable,All
189,2024-09-06,Chilli,Vegetable,Rainy
189,2024-09-06,Pumpkin,Vegetable,Rainy
190,2024-01-19,Coriander,Vegetable,All
190,2024-01-19,Ginger,Vegetable,All
190,2024-01-19,Carrot,Vegetable,Winter
190,2024-01-19,Guava,Fruit,Winter
190,2024-01-19,Beetroot,Vegetable,Winter
191,2024-04-15,Pineapple,Fruit,Summer
191,2024-04-15,Ladyfinger,Vegetable,Summer
191,2024-04-15,Capsicum,Vegetable,Summer
191,2024-04-15,Ginger,Vegetable,All
192,2024-04-22,Pineapple,Fruit,Summer
192,2024-04-22,Capsicum,Vegetable,Summer
192,2024-04-22,Mango,Fruit,Summer
192,2024-04-22,Muskmelon,Fruit,Summer
192,2024-04-22,Garlic,Vegetable,All
193,2024-05-06,Onion,Vegetable,All
193,2024-05-06,Muskmelon,Fruit,Summer
193,2024-05-06,Papaya,Fruit,Summer
194,2024-07-22,Coriander,Vegetable,All
194,2024-07-22,Pumpkin,Vegetable,Rainy
194,2024-07-22,Banana,Fruit,Rainy
195,2024-07-14,Pumpkin,Vegetable,Rainy
195,2024-07-14,Garlic,Vegetable,All
195,2024-07-14,Radish,Vegetable,Rainy
195,2024-07-14,Onion,Vegetable,All
196,2024-02-12,Ginger,Vegetable,All
196,2024-02-12,Cabbage,Vegetable,Winter
196,2024-02-12,Guava,Fruit,Winter
196,2024-02-12,Spinach,Vegetable,Winter
196,2024-02-12,Cauliflower,Vegetable,Winter
197,2024-01-20,Carrot,Vegetable,Winter
197,2024-01-20,Onion,Vegetable,All
197,2024-01-20,Garlic,Vegetable,All
197,2024-01-20,Guava,Fruit,Winter
198,2024-04-24,Ginger,Vegetable,All
198,2024-04-24,Ladyfinger,Vegetable,Summer
198,2024-04-24,Tomato,Vegetable,Summer
199,2024-06-24,Onion,Vegetable,All
199,2024-06-24,Coriander,Vegetable,All
199,2024-06-24,Potato,Vegetable,All
199,2024-06-24,Papaya,Fruit,Summer
199,2024-06-24,Watermelon,Fruit,Summer
200,2024-06-08,Papaya,Fruit,Summer
200,2024-06-08,Onion,Vegetable,All
200,2024-06-08,Pineapple,Fruit,Summer
200,2024-06-08,Ladyfinger,Vegetable,Summer
200,2024-06-08,Tomato,Vegetable,Summer
201,2024-03-30,Papaya,Fruit,Summer
201,2024-03-30,Mango,Fruit,Summer
201,2024-03-30,Potato,Vegetable,All
202,2024-09-22,Bottle Gourd,Vegetable,Rainy
202,2024-09-22,Ginger,Vegetable,All
202,2024-09-22,Onion,Vegetable,All
202,2024-09-22,Brinjal,Vegetable,Rainy
203,2024-05-05,Onion,Vegetable,All
203,2024-05-05,Pineapple,Fruit,Summer
203,2024-05-05,Capsicum,Vegetable,Summer
203,2024-05-05,Tomato,Vegetable,Summer
204,2024-10-15,Ginger,Vegetable,All
204,2024-10-15,Coriander,Vegetable,All
204,2024-10-15,Garlic,Vegetable,All
205,2024-01-26,Beetroot,Vegetable,Winter
205,2024-01-26,Green Peas,Vegetable,Winter
205,2024-01-26,Cauliflower,Vegetable,Winter
206,2024-02-14,Apple,Fruit,Winter
206,2024-02-14,Green Peas,Vegetable,Winter
206,2024-02-14,Onion,Vegetable,All
207,2024-11-22,Coriander,Vegetable,All
207,2024-11-22,Spinach,Vegetable,Winter
207,2024-11-22,Guava,Fruit,Winter
208,2024-11-27,Onion,Vegetable,All
208,2024-11-27,Potato,Vegetable,All
208,2024-11-27,Apple,Fruit,Winter
208,2024-11-27,Ginger,Vegetable,All
209,2024-03-20,Watermelon,Fruit,Summer
209,2024-03-20,Ginger,Vegetable,All
210,2024-09-08,Chilli,Vegetable,Rainy
210,2024-09-08,Onion,Vegetable,All
210,2024-09-08,Ginger,Vegetable,All
210,2024-09-08,Coriander,Vegetable,All
210,2024-09-08,Banana,Fruit,Rainy
211,2024-12-17,Cauliflower,Vegetable,Winter
211,2024-12-17,Carrot,Vegetable,Winter
211,2024-12-17,Green Peas,Vegetable,Winter
211,2024-12-17,Guava,Fruit,Winter
211,2024-12-17,Spinach,Vegetable,Winter
212,2024-01-26,Spinach,Vegetable,Winter
212,2024-01-26,Green Peas,Vegetable,Winter
213,2024-01-13,Spinach,Vegetable,Winter
213,2024-01-13,Coriander,Vegetable,All
213,2024-01-13,Cauliflower,Vegetable,Winter
213,2024-01-13,Ginger,Vegetable,All
213,2024-01-13,Garlic,Vegetable,All
214,2024-02-03,Potato,Vegetable,All
214,2024-02-03,Green Peas,Vegetable,Winter
214,2024-02-03,Cauliflower,Vegetable,Winter
214,2024-02-03,Apple,Fruit,Winter
214,2024-02-03,Spinach,Vegetable,Winter
215,2024-03-06,Coriander,Vegetable,All
215,2024-03-06,Tomato,Vegetable,Summer
215,2024-03-06,Ladyfinger,Vegetable,Summer
215,2024-03-06,Capsicum,Vegetable,Summer
216,2024-07-25,Banana,Fruit,Rainy
216,2024-07-25,Brinjal,Vegetable,Rainy
216,2024-07-25,Radish,Vegetable,Rainy
217,2024-11-30,Carrot,Vegetable,Winter
217,2024-11-30,Green Peas,Vegetable,Winter
217,2024-11-30,Garlic,Vegetable,All
218,2024-08-06,Potato,Vegetable,All
218,2024-08-06,Pumpkin,Vegetable,Rainy
218,2024-08-06,Brinjal,Vegetable,Rainy
218,2024-08-06,Bottle Gourd,Vegetable,Rainy
219,2024-05-30,Capsicum,Vegetable,Summer
219,2024-05-30,Ladyfinger,Vegetable,Summer
220,2024-08-09,Garlic,Vegetable,All
220,2024-08-09,Banana,Fruit,Rainy
220,2024-08-09,Onion,Vegetable,All
221,2024-10-05,Ginger,Vegetable,All
221,2024-10-05,Coriander,Vegetable,All
221,2024-10-05,Onion,Vegetable,All
222,2024-03-01,Pineapple,Fruit,Summer
222,2024-03-01,Tomato,Vegetable,Summer
222,2024-03-01,Watermelon,Fruit,Summer
222,2024-03-01,Coriander,Vegetable,All
222,2024-03-01,Capsicum,Vegetable,Summer
223,2024-05-15,Pineapple,Fruit,Summer
223,2024-05-15,Muskmelon,Fruit,Summer
223,2024-05-15,Watermelon,Fruit,Summer
223,2024-05-15,Papaya,Fruit,Summer
224,2024-07-13,Radish,Vegetable,Rainy
224,2024-07-13,Potato,Vegetable,All
225,2024-06-26,Pineapple,Fruit,Summer
225,2024-06-26,Onion,Vegetable,All
225,2024-06-26,Watermelon,Fruit,Summer
225,2024-06-26,Tomato,Vegetable,Summer
226,2024-03-27,Onion,Vegetable,All
226,2024-03-27,Ladyfinger,Vegetable,Summer
226,2024-03-27,Potato,Vegetable,All
227,2024-09-25,Brinjal,Vegetable,Rainy
227,2024-09-25,Chilli,Vegetable,Rainy
227,2024-09-25,Banana,Fruit,Rainy
227,2024-09-25,Ginger,Vegetable,All
228,2024-12-05,Ginger,Vegetable,All
228,2024-12-05,Garlic,Vegetable,All
228,2024-12-05,Carrot,Vegetable,Winter
229,2024-08-21,Bottle Gourd,Vegetable,Rainy
229,2024-08-21,Pumpkin,Vegetable,Rainy
230,2024-02-11,Garlic,Vegetable,All
230,2024-02-11,Apple,Fruit,Winter
230,2024-02-11,Spinach,Vegetable,Winter
230,2024-02-11,Onion,Vegetable,All
231,2024-08-30,Onion,Vegetable,All
231,2024-08-30,Ginger,Vegetable,All
231,2024-08-30,Chilli,Vegetable,Rainy
232,2024-11-13,Green Peas,Vegetable,Winter
232,2024-11-13,Guava,Fruit,Winter
233,2024-12-02,Ginger,Vegetable,All
233,2024-12-02,Coriander,Vegetable,All
233,2024-12-02,Guava,Fruit,Winter
233,2024-12-02,Garlic,Vegetable,All
233,2024-12-02,Beetroot,Vegetable,Winter
234,2024-05-27,Ladyfinger,Vegetable,Summer
234,2024-05-27,Garlic,Vegetable,All
234,2024-05-27,Potato,Vegetable,All
234,2024-05-27,Muskmelon,Fruit,Summer
234,2024-05-27,Pineapple,Fruit,Summer
235,2024-12-29,Guava,Fruit,Winter
235,2024-12-29,Spinach,Vegetable,Winter
235,2024-12-29,Ginger,Vegetable,All
235,2024-12-29,Green Peas,Vegetable,Winter
235,2024-12-29,Carrot,Vegetable,Winter
236,2024-10-08,Ginger,Vegetable,All
236,2024-10-08,Onion,Vegetable,All
236,2024-10-08,Potato,Vegetable,All
236,2024-10-08,Garlic,Vegetable,All
237,2024-11-29,Cauliflower,Vegetable,Winter
237,2024-11-29,Guava,Fruit,Winter
237,2024-11-29,Spinach,Vegetable,Winter
238,2024-04-07,Garlic,Vegetable,All
238,2024-04-07,Papaya,Fruit,Summer
239,2024-06-28,Onion,Vegetable,All
239,2024-06-28,Ladyfinger,Vegetable,Summer
239,2024-06-28,Papaya,Fruit,Summer
239,2024-06-28,Potato,Vegetable,All
239,2024-06-28,Ginger,Vegetable,All
240,2024-12-24,Apple,Fruit,Winter
240,2024-12-24,Cabbage,Vegetable,Winter
240,2024-12-24,Garlic,Vegetable,All
240,2024-12-24,Carrot,Vegetable,Winter
241,2024-03-09,Muskmelon,Fruit,Summer
241,2024-03-09,Mango,Fruit,Summer
241,2024-03-09,Garlic,Vegetable,All
241,2024-03-09,Coriander,Vegetable,All
241,2024-03-09,Papaya,Fruit,Summer
242,2024-07-29,Bottle Gourd,Vegetable,Rainy
242,2024-07-29,Brinjal,Vegetable,Rainy
242,2024-07-29,Coriander,Vegetable,All
243,2024-09-27,Garlic,Vegetable,All
243,2024-09-27,Onion,Vegetable,All
243,2024-09-27,Ginger,Vegetable,All
243,2024-09-27,Radish,Vegetable,Rainy
244,2024-03-18,Mango,Fruit,Summer
244,2024-03-18,Ladyfinger,Vegetable,Summer
244,2024-03-18,Ginger,Vegetable,All
244,2024-03-18,Onion,Vegetable,All
245,2024-06-28,Onion,Vegetable,All
245,2024-06-28,Pineapple,Fruit,Summer
245,2024-06-28,Coriander,Vegetable,All
245,2024-06-28,Watermelon,Fruit,Summer
246,2024-11-16,Ginger,Vegetable,All
246,2024-11-16,Coriander,Vegetable,All
246,2024-11-16,Guava,Fruit,Winter
247,2024-01-08,Coriander,Vegetable,All
247,2024-01-08,Beetroot,Vegetable,Winter
247,2024-01-08,Cauliflower,Vegetable,Winter
247,2024-01-08,Garlic,Vegetable,All
247,2024-01-08,Potato,Vegetable,All
248,2024-03-24,Watermelon,Fruit,Summer
248,2024-03-24,Ginger,Vegetable,All
248,2024-03-24,Muskmelon,Fruit,Summer
248,2024-03-24,Tomato,Vegetable,Summer
249,2024-04-16,Muskmelon,Fruit,Summer
249,2024-04-16,Onion,Vegetable,All
249,2024-04-16,Watermelon,Fruit,Summer
249,2024-04-16,Tomato,Vegetable,Summer
250,2024-12-11,Guava,Fruit,Winter
250,2024-12-11,Green Peas,Vegetable,Winter
251,2024-04-25,Potato,Vegetable,All
251,2024-04-25,Onion,Vegetable,All
252,2024-02-24,Ginger,Vegetable,All
252,2024-02-24,Guava,Fruit,Winter
252,2024-02-24,Spinach,Vegetable,Winter
252,2024-02-24,Potato,Vegetable,All
252,2024-02-24,Onion,Vegetable,All
253,2024-06-09,Tomato,Vegetable,Summer
253,2024-06-09,Potato,Vegetable,All
254,2024-01-07,Cabbage,Vegetable,Winter
254,2024-01-07,Beetroot,Vegetable,Winter
254,2024-01-07,Potato,Vegetable,All
255,2024-08-23,Brinjal,Vegetable,Rainy
255,2024-08-23,Garlic,Vegetable,All
256,2024-01-12,Green Peas,Vegetable,Winter
256,2024-01-12,Coriander,Vegetable,All
256,2024-01-12,Cauliflower,Vegetable,Winter
256,2024-01-12,Garlic,Vegetable,All
257,2024-07-22,Chilli,Vegetable,Rainy
257,2024-07-22,Bottle Gourd,Vegetable,Rainy
258,2024-04-12,Tomato,Vegetable,Summer
258,2024-04-12,Pineapple,Fruit,Summer
258,2024-04-12,Ladyfinger,Vegetable,Summer
258,2024-04-12,Capsicum,Vegetable,Summer
258,2024-04-12,Garlic,Vegetable,All
259,2024-02-28,Potato,Vegetable,All
259,2024-02-28,Green Peas,Vegetable,Winter
259,2024-02-28,Cabbage,Vegetable,Winter
260,2024-07-15,Chilli,Vegetable,Rainy
260,2024-07-15,Brinjal,Vegetable,Rainy
261,2024-02-08,Coriander,Vegetable,All
261,2024-02-08,Apple,Fruit,Winter
261,2024-02-08,Green Peas,Vegetable,Winter
262,2024-09-30,Garlic,Vegetable,All
262,2024-09-30,Brinjal,Vegetable,Rainy
262,2024-09-30,Ginger,Vegetable,All
263,2024-05-21,Ladyfinger,Vegetable,Summer
263,2024-05-21,Tomato,Vegetable,Summer
263,2024-05-21,Papaya,Fruit,Summer
263,2024-05-21,Mango,Fruit,Summer
264,2024-04-09,Ginger,Vegetable,All
264,2024-04-09,Muskmelon,Fruit,Summer
264,2024-04-09,Pineapple,Fruit,Summer
264,2024-04-09,Potato,Vegetable,All
264,2024-04-09,Papaya,Fruit,Summer
265,2024-01-24,Cauliflower,Vegetable,Winter
265,2024-01-24,Spinach,Vegetable,Winter
265,2024-01-24,Apple,Fruit,Winter
266,2024-11-16,Apple,Fruit,Winter
266,2024-11-16,Cabbage,Vegetable,Winter
266,2024-11-16,Garlic,Vegetable,All
267,2024-03-02,Muskmelon,Fruit,Summer
267,2024-03-02,Potato,Vegetable,All
267,2024-03-02,Onion,Vegetable,All
267,2024-03-02,Capsicum,Vegetable,Summer
267,2024-03-02,Mango,Fruit,Summer
268,2024-12-24,Beetroot,Vegetable,Winter
268,2024-12-24,Onion,Vegetable,All
268,2024-12-24,Cabbage,Vegetable,Winter
268,2024-12-24,Guava,Fruit,Winter
269,2024-10-03,Onion,Vegetable,All
269,2024-10-03,Potato,Vegetable,All
269,2024-10-03,Ginger,Vegetable,All
270,2024-05-27,Tomato,Vegetable,Summer
270,2024-05-27,Capsicum,Vegetable,Summer
270,2024-05-27,Papaya,Fruit,Summer
271,2024-04-22,Ladyfinger,Vegetable,Summer
271,2024-04-22,Capsicum,Vegetable,Summer
271,2024-04-22,Mango,Fruit,Summer
271,2024-04-22,Potato,Vegetable,All
271,2024-04-22,Tomato,Vegetable,Summer
272,2024-02-07,Coriander,Vegetable,All
272,2024-02-07,Garlic,Vegetable,All
272,2024-02-07,Onion,Vegetable,All
273,2024-04-19,Onion,Vegetable,All
273,2024-04-19,Ginger,Vegetable,All
274,2024-09-06,Chilli,Vegetable,Rainy
274,2024-09-06,Banana,Fruit,Rainy
274,2024-09-06,Ginger,Vegetable,All
275,2024-08-05,Chilli,Vegetable,Rainy
275,2024-08-05,Brinjal,Vegetable,Rainy
276,2024-12-10,Cauliflower,Vegetable,Winter
276,2024-12-10,Ginger,Vegetable,All
277,2024-08-19,Onion,Vegetable,All
277,2024-08-19,Garlic,Vegetable,All
277,2024-08-19,Potato,Vegetable,All
278,2024-01-18,Garlic,Vegetable,All
278,2024-01-18,Guava,Fruit,Winter
278,2024-01-18,Ginger,Vegetable,All
278,2024-01-18,Cauliflower,Vegetable,Winter
278,2024-01-18,Apple,Fruit,Winter
279,2024-09-26,Chilli,Vegetable,Rainy
279,2024-09-26,Garlic,Vegetable,All
279,2024-09-26,Radish,Vegetable,Rainy
279,2024-09-26,Bottle Gourd,Vegetable,Rainy
279,2024-09-26,Brinjal,Vegetable,Rainy
280,2024-10-19,Garlic,Vegetable,All
280,2024-10-19,Potato,Vegetable,All
280,2024-10-19,Onion,Vegetable,All
280,2024-10-19,Ginger,Vegetable,All
281,2024-08-17,Brinjal,Vegetable,Rainy
281,2024-08-17,Chilli,Vegetable,Rainy
281,2024-08-17,Radish,Vegetable,Rainy
282,2024-02-14,Spinach,Vegetable,Winter
282,2024-02-14,Cabbage,Vegetable,Winter
283,2024-11-06,Green Peas,Vegetable,Winter
283,2024-11-06,Onion,Vegetable,All
284,2024-05-06,Ladyfinger,Vegetable,Summer
284,2024-05-06,Watermelon,Fruit,Summer
284,2024-05-06,Ginger,Vegetable,All
285,2024-07-15,Brinjal,Vegetable,Rainy
285,2024-07-15,Potato,Vegetable,All
285,2024-07-15,Radish,Vegetable,Rainy
285,2024-07-15,Banana,Fruit,Rainy
286,2024-11-23,Apple,Fruit,Winter
286,2024-11-23,Carrot,Vegetable,Winter
286,2024-11-23,Garlic,Vegetable,All
287,2024-06-04,Onion,Vegetable,All
287,2024-06-04,Potato,Vegetable,All
287,2024-06-04,Ladyfinger,Vegetable,Summer
287,2024-06-04,Muskmelon,Fruit,Summer
288,2024-07-25,Radish,Vegetable,Rainy
288,2024-07-25,Onion,Vegetable,All
289,2024-07-18,Coriander,Vegetable,All
289,2024-07-18,Pumpkin,Vegetable,Rainy
289,2024-07-18,Banana,Fruit,Rainy
289,2024-07-18,Chilli,Vegetable,Rainy
290,2024-02-25,Guava,Fruit,Winter
290,2024-02-25,Onion,Vegetable,All
290,2024-02-25,Coriander,Vegetable,All
290,2024-02-25,Carrot,Vegetable,Winter
290,2024-02-25,Spinach,Vegetable,Winter
291,2024-02-20,Spinach,Vegetable,Winter
291,2024-02-20,Carrot,Vegetable,Winter
291,2024-02-20,Cauliflower,Vegetable,Winter
291,2024-02-20,Apple,Fruit,Winter
291,2024-02-20,Green Peas,Vegetable,Winter
292,2024-06-13,Tomato,Vegetable,Summer
292,2024-06-13,Onion,Vegetable,All
292,2024-06-13,Ginger,Vegetable,All
293,2024-01-17,Garlic,Vegetable,All
293,2024-01-17,Ginger,Vegetable,All
293,2024-01-17,Guava,Fruit,Winter
293,2024-01-17,Spinach,Vegetable,Winter
293,2024-01-17,Carrot,Vegetable,Winter
294,2024-10-09,Garlic,Vegetable,All
294,2024-10-09,Coriander,Vegetable,All
294,2024-10-09,Ginger,Vegetable,All
294,2024-10-09,Potato,Vegetable,All
294,2024-10-09,Onion,Vegetable,All
295,2024-10-20,Potato,Vegetable,All
295,2024-10-20,Onion,Vegetable,All
295,2024-10-20,Coriander,Vegetable,All
296,2024-05-27,Potato,Vegetable,All
296,2024-05-27,Coriander,Vegetable,All
297,2024-03-28,Muskmelon,Fruit,Summer
297,2024-03-28,Tomato,Vegetable,Summer
297,2024-03-28,Garlic,Vegetable,All
297,2024-03-28,Potato,Vegetable,All
298,2024-02-15,Potato,Vegetable,All
298,2024-02-15,Onion,Vegetable,All
298,2024-02-15,Beetroot,Vegetable,Winter
298,2024-02-15,Carrot,Vegetable,Winter
299,2024-07-22,Radish,Vegetable,Rainy
299,2024-07-22,Banana,Fruit,Rainy
299,2024-07-22,Bottle Gourd,Vegetable,Rainy
299,2024-07-22,Coriander,Vegetable,All
299,2024-07-22,Pumpkin,Vegetable,Rainy
300,2024-12-21,Garlic,Vegetable,All
300,2024-12-21,Spinach,Vegetable,Winter
301,2024-12-13,Apple,Fruit,Winter
301,2024-12-13,Carrot,Vegetable,Winter
301,2024-12-13,Cauliflower,Vegetable,Winter
301,2024-12-13,Ginger,Vegetable,All
302,2024-10-16,Onion,Vegetable,All
302,2024-10-16,Coriander,Vegetable,All
302,2024-10-16,Garlic,Vegetable,All
302,2024-10-16,Potato,Vegetable,All
302,2024-10-16,Ginger,Vegetable,All
303,2024-01-17,Green Peas,Vegetable,Winter
303,2024-01-17,Onion,Vegetable,All
304,2024-01-27,Beetroot,Vegetable,Winter
304,2024-01-27,Garlic,Vegetable,All
304,2024-01-27,Spinach,Vegetable,Winter
304,2024-01-27,Ginger,Vegetable,All
304,2024-01-27,Cauliflower,Vegetable,Winter
305,2024-10-20,Potato,Vegetable,All
305,2024-10-20,Onion,Vegetable,All
305,2024-10-20,Garlic,Vegetable,All
305,2024-10-20,Coriander,Vegetable,All
306,2024-01-23,Potato,Vegetable,All
306,2024-01-23,Cauliflower,Vegetable,Winter
306,2024-01-23,Guava,Fruit,Winter
306,2024-01-23,Ginger,Vegetable,All
306,2024-01-23,Green Peas,Vegetable,Winter
307,2024-07-15,Brinjal,Vegetable,Rainy
307,2024-07-15,Coriander,Vegetable,All
307,2024-07-15,Onion,Vegetable,All
308,2024-10-25,Onion,Vegetable,All
308,2024-10-25,Potato,Vegetable,All
309,2024-08-11,Coriander,Vegetable,All
309,2024-08-11,Brinjal,Vegetable,Rainy
309,2024-08-11,Pumpkin,Vegetable,Rainy
309,2024-08-11,Garlic,Vegetable,All
309,2024-08-11,Ginger,Vegetable,All
310,2024-04-06,Ginger,Vegetable,All
310,2024-04-06,Pineapple,Fruit,Summer
311,2024-06-08,Ginger,Vegetable,All
311,2024-06-08,Pineapple,Fruit,Summer
311,2024-06-08,Garlic,Vegetable,All
311,2024-06-08,Capsicum,Vegetable,Summer
312,2024-01-06,Potato,Vegetable,All
312,2024-01-06,Carrot,Vegetable,Winter
313,2024-10-02,Ginger,Vegetable,All
313,2024-10-02,Onion,Vegetable,All
313,2024-10-02,Coriander,Vegetable,All
314,2024-11-14,Cauliflower,Vegetable,Winter
314,2024-11-14,Cabbage,Vegetable,Winter
314,2024-11-14,Beetroot,Vegetable,Winter
314,2024-11-14,Spinach,Vegetable,Winter
315,2024-05-28,Ginger,Vegetable,All
315,2024-05-28,Mango,Fruit,Summer
316,2024-12-18,Guava,Fruit,Winter
316,2024-12-18,Beetroot,Vegetable,Winter
316,2024-12-18,Green Peas,Vegetable,Winter
316,2024-12-18,Coriander,Vegetable,All
317,2024-02-08,Garlic,Vegetable,All
317,2024-02-08,Spinach,Vegetable,Winter
317,2024-02-08,Apple,Fruit,Winter
318,2024-10-22,Coriander,Vegetable,All
318,2024-10-22,Ginger,Vegetable,All
319,2024-10-05,Garlic,Vegetable,All
319,2024-10-05,Onion,Vegetable,All
319,2024-10-05,Ginger,Vegetable,All
319,2024-10-05,Coriander,Vegetable,All
320,2024-07-24,Ginger,Vegetable,All
320,2024-07-24,Potato,Vegetable,All
321,2024-05-04,Muskmelon,Fruit,Summer
321,2024-05-04,Potato,Vegetable,All
321,2024-05-04,Pineapple,Fruit,Summer
322,2024-10-15,Potato,Vegetable,All
322,2024-10-15,Ginger,Vegetable,All
322,2024-10-15,Garlic,Vegetable,All
322,2024-10-15,Coriander,Vegetable,All
323,2024-06-17,Tomato,Vegetable,Summer
323,2024-06-17,Potato,Vegetable,All
324,2024-08-15,Banana,Fruit,Rainy
324,2024-08-15,Bottle Gourd,Vegetable,Rainy
325,2024-05-20,Papaya,Fruit,Summer
325,2024-05-20,Mango,Fruit,Summer
325,2024-05-20,Watermelon,Fruit,Summer
325,2024-05-20,Muskmelon,Fruit,Summer
326,2024-10-12,Ginger,Vegetable,All
326,2024-10-12,Potato,Vegetable,All
326,2024-10-12,Onion,Vegetable,All
327,2024-07-26,Onion,Vegetable,All
327,2024-07-26,Garlic,Vegetable,All
327,2024-07-26,Bottle Gourd,Vegetable,Rainy
328,2024-11-06,Green Peas,Vegetable,Winter
328,2024-11-06,Apple,Fruit,Winter
328,2024-11-06,Garlic,Vegetable,All
328,2024-11-06,Beetroot,Vegetable,Winter
328,2024-11-06,Ginger,Vegetable,All
329,2024-07-17,Onion,Vegetable,All
329,2024-07-17,Pumpkin,Vegetable,Rainy
329,2024-07-17,Chilli,Vegetable,Rainy
330,2024-11-18,Green Peas,Vegetable,Winter
330,2024-11-18,Carrot,Vegetable,Winter
330,2024-11-18,Garlic,Vegetable,All
330,2024-11-18,Ginger,Vegetable,All
331,2024-05-16,Capsicum,Vegetable,Summer
331,2024-05-16,Ginger,Vegetable,All
332,2024-11-13,Cabbage,Vegetable,Winter
332,2024-11-13,Spinach,Vegetable,Winter
332,2024-11-13,Ginger,Vegetable,All
332,2024-11-13,Cauliflower,Vegetable,Winter
333,2024-12-19,Ginger,Vegetable,All
333,2024-12-19,Spinach,Vegetable,Winter
333,2024-12-19,Garlic,Vegetable,All
333,2024-12-19,Apple,Fruit,Winter
334,2024-04-19,Muskmelon,Fruit,Summer
334,2024-04-19,Potato,Vegetable,All
334,2024-04-19,Onion,Vegetable,All
334,2024-04-19,Ginger,Vegetable,All
335,2024-08-26,Garlic,Vegetable,All
335,2024-08-26,Chilli,Vegetable,Rainy
336,2024-07-26,Potato,Vegetable,All
336,2024-07-26,Pumpkin,Vegetable,Rainy
336,2024-07-26,Garlic,Vegetable,All
336,2024-07-26,Ginger,Vegetable,All
336,2024-07-26,Onion,Vegetable,All
337,2024-09-02,Onion,Vegetable,All
337,2024-09-02,Pumpkin,Vegetable,Rainy
338,2024-01-12,Potato,Vegetable,All
338,2024-01-12,Garlic,Vegetable,All
338,2024-01-12,Green Peas,Vegetable,Winter
338,2024-01-12,Carrot,Vegetable,Winter
338,2024-01-12,Onion,Vegetable,All
339,2024-12-06,Cauliflower,Vegetable,Winter
339,2024-12-06,Spinach,Vegetable,Winter
339,2024-12-06,Potato,Vegetable,All
340,2024-07-15,Brinjal,Vegetable,Rainy
340,2024-07-15,Pumpkin,Vegetable,Rainy
341,2024-11-06,Cauliflower,Vegetable,Winter
341,2024-11-06,Apple,Fruit,Winter
341,2024-11-06,Garlic,Vegetable,All
341,2024-11-06,Onion,Vegetable,All
342,2024-04-28,Ladyfinger,Vegetable,Summer
342,2024-04-28,Pineapple,Fruit,Summer
342,2024-04-28,Capsicum,Vegetable,Summer
342,2024-04-28,Mango,Fruit,Summer
342,2024-04-28,Tomato,Vegetable,Summer
343,2024-02-18,Cabbage,Vegetable,Winter
343,2024-02-18,Green Peas,Vegetable,Winter
343,2024-02-18,Beetroot,Vegetable,Winter
343,2024-02-18,Potato,Vegetable,All
343,2024-02-18,Spinach,Vegetable,Winter
344,2024-07-25,Radish,Vegetable,Rainy
344,2024-07-25,Garlic,Vegetable,All
344,2024-07-25,Potato,Vegetable,All
344,2024-07-25,Bottle Gourd,Vegetable,Rainy
345,2024-10-26,Coriander,Vegetable,All
345,2024-10-26,Onion,Vegetable,All
346,2024-10-15,Potato,Vegetable,All
346,2024-10-15,Onion,Vegetable,All
346,2024-10-15,Coriander,Vegetable,All
347,2024-03-31,Pineapple,Fruit,Summer
347,2024-03-31,Tomato,Vegetable,Summer
347,2024-03-31,Watermelon,Fruit,Summer
348,2024-09-28,Pumpkin,Vegetable,Rainy
348,2024-09-28,Banana,Fruit,Rainy
349,2024-12-13,Coriander,Vegetable,All
349,2024-12-13,Garlic,Vegetable,All
349,2024-12-13,Guava,Fruit,Winter
349,2024-12-13,Cabbage,Vegetable,Winter
350,2024-01-17,Coriander,Vegetable,All
350,2024-01-17,Beetroot,Vegetable,Winter
351,2024-01-03,Beetroot,Vegetable,Winter
351,2024-01-03,Onion,Vegetable,All
351,2024-01-03,Coriander,Vegetable,All
352,2024-08-21,Garlic,Vegetable,All
352,2024-08-21,Coriander,Vegetable,All
352,2024-08-21,Pumpkin,Vegetable,Rainy
352,2024-08-21,Brinjal,Vegetable,Rainy
352,2024-08-21,Onion,Vegetable,All
353,2024-04-21,Tomato,Vegetable,Summer
353,2024-04-21,Pineapple,Fruit,Summer
353,2024-04-21,Capsicum,Vegetable,Summer
353,2024-04-21,Muskmelon,Fruit,Summer
354,2024-05-06,Tomato,Vegetable,Summer
354,2024-05-06,Papaya,Fruit,Summer
354,2024-05-06,Potato,Vegetable,All
354,2024-05-06,Onion,Vegetable,All
355,2024-03-25,Tomato,Vegetable,Summer
355,2024-03-25,Ginger,Vegetable,All
356,2024-01-17,Carrot,Vegetable,Winter
356,2024-01-17,Spinach,Vegetable,Winter
356,2024-01-17,Cabbage,Vegetable,Winter
356,2024-01-17,Coriander,Vegetable,All
357,2024-08-17,Potato,Vegetable,All
357,2024-08-17,Brinjal,Vegetable,Rainy
357,2024-08-17,Garlic,Vegetable,All
357,2024-08-17,Coriander,Vegetable,All
357,2024-08-17,Ginger,Vegetable,All
358,2024-07-10,Bottle Gourd,Vegetable,Rainy
358,2024-07-10,Coriander,Vegetable,All
358,2024-07-10,Chilli,Vegetable,Rainy
358,2024-07-10,Banana,Fruit,Rainy
358,2024-07-10,Garlic,Vegetable,All
359,2024-09-17,Radish,Vegetable,Rainy
359,2024-09-17,Pumpkin,Vegetable,Rainy
359,2024-09-17,Ginger,Vegetable,All
360,2024-08-30,Bottle Gourd,Vegetable,Rainy
360,2024-08-30,Coriander,Vegetable,All
361,2024-09-09,Bottle Gourd,Vegetable,Rainy
361,2024-09-09,Ginger,Vegetable,All
362,2024-01-18,Spinach,Vegetable,Winter
362,2024-01-18,Cauliflower,Vegetable,Winter
362,2024-01-18,Beetroot,Vegetable,Winter
363,2024-11-03,Spinach,Vegetable,Winter
363,2024-11-03,Cabbage,Vegetable,Winter
363,2024-11-03,Apple,Fruit,Winter
363,2024-11-03,Beetroot,Vegetable,Winter
363,2024-11-03,Potato,Vegetable,All
364,2024-05-28,Tomato,Vegetable,Summer
364,2024-05-28,Mango,Fruit,Summer
365,2024-01-05,Guava,Fruit,Winter
365,2024-01-05,Cauliflower,Vegetable,Winter
365,2024-01-05,Potato,Vegetable,All
365,2024-01-05,Onion,Vegetable,All
366,2024-09-30,Bottle Gourd,Vegetable,Rainy
366,2024-09-30,Onion,Vegetable,All
366,2024-09-30,Chilli,Vegetable,Rainy
367,2024-06-30,Garlic,Vegetable,All
367,2024-06-30,Potato,Vegetable,All
367,2024-06-30,Ginger,Vegetable,All
367,2024-06-30,Pineapple,Fruit,Summer
368,2024-07-24,Brinjal,Vegetable,Rainy
368,2024-07-24,Onion,Vegetable,All
368,2024-07-24,Radish,Vegetable,Rainy
368,2024-07-24,Coriander,Vegetable,All
368,2024-07-24,Ginger,Vegetable,All
369,2024-04-04,Pineapple,Fruit,Summer
369,2024-04-04,Ladyfinger,Vegetable,Summer
369,2024-04-04,Muskmelon,Fruit,Summer
370,2024-03-27,Ladyfinger,Vegetable,Summer
370,2024-03-27,Papaya,Fruit,Summer
370,2024-03-27,Capsicum,Vegetable,Summer
371,2024-04-18,Tomato,Vegetable,Summer
371,2024-04-18,Papaya,Fruit,Summer
371,2024-04-18,Muskmelon,Fruit,Summer
372,2024-03-24,Ginger,Vegetable,All
372,2024-03-24,Potato,Vegetable,All
372,2024-03-24,Tomato,Vegetable,Summer
372,2024-03-24,Papaya,Fruit,Summer
372,2024-03-24,Muskmelon,Fruit,Summer
373,2024-07-20,Banana,Fruit,Rainy
373,2024-07-20,Garlic,Vegetable,All
374,2024-01-19,Ginger,Vegetable,All
374,2024-01-19,Spinach,Vegetable,Winter
375,2024-04-18,Potato,Vegetable,All
375,2024-04-18,Onion,Vegetable,All
375,2024-04-18,Mango,Fruit,Summer
375,2024-04-18,Ginger,Vegetable,All
376,2024-05-31,Ginger,Vegetable,All
376,2024-05-31,Garlic,Vegetable,All
376,2024-05-31,Watermelon,Fruit,Summer
377,2024-08-02,Banana,Fruit,Rainy
377,2024-08-02,Coriander,Vegetable,All
377,2024-08-02,Pumpkin,Vegetable,Rainy
377,2024-08-02,Brinjal,Vegetable,Rainy
378,2024-10-22,Onion,Vegetable,All
378,2024-10-22,Coriander,Vegetable,All
378,2024-10-22,Potato,Vegetable,All
379,2024-09-22,Pumpkin,Vegetable,Rainy
379,2024-09-22,Brinjal,Vegetable,Rainy
380,2024-06-14,Ginger,Vegetable,All
380,2024-06-14,Capsicum,Vegetable,Summer
380,2024-06-14,Tomato,Vegetable,Summer
381,2024-09-13,Onion,Vegetable,All
381,2024-09-13,Ginger,Vegetable,All
382,2024-10-09,Coriander,Vegetable,All
382,2024-10-09,Potato,Vegetable,All
382,2024-10-09,Onion,Vegetable,All
382,2024-10-09,Ginger,Vegetable,All
383,2024-01-24,Cauliflower,Vegetable,Winter
383,2024-01-24,Ginger,Vegetable,All
384,2024-08-19,Onion,Vegetable,All
384,2024-08-19,Bottle Gourd,Vegetable,Rainy
384,2024-08-19,Garlic,Vegetable,All
384,2024-08-19,Banana,Fruit,Rainy
384,2024-08-19,Coriander,Vegetable,All
385,2024-05-03,Capsicum,Vegetable,Summer
385,2024-05-03,Garlic,Vegetable,All
385,2024-05-03,Ginger,Vegetable,All
385,2024-05-03,Muskmelon,Fruit,Summer
385,2024-05-03,Potato,Vegetable,All
386,2024-11-16,Garlic,Vegetable,All
386,2024-11-16,Onion,Vegetable,All
386,2024-11-16,Guava,Fruit,Winter
386,2024-11-16,Apple,Fruit,Winter
386,2024-11-16,Beetroot,Vegetable,Winter
387,2024-05-21,Ladyfinger,Vegetable,Summer
387,2024-05-21,Muskmelon,Fruit,Summer
387,2024-05-21,Garlic,Vegetable,All
387,2024-05-21,Pineapple,Fruit,Summer
387,2024-05-21,Coriander,Vegetable,All
388,2024-08-02,Onion,Vegetable,All
388,2024-08-02,Radish,Vegetable,Rainy
389,2024-05-11,Papaya,Fruit,Summer
389,2024-05-11,Ladyfinger,Vegetable,Summer
390,2024-10-23,Onion,Vegetable,All
390,2024-10-23,Garlic,Vegetable,All
390,2024-10-23,Potato,Vegetable,All
390,2024-10-23,Ginger,Vegetable,All
390,2024-10-23,Coriander,Vegetable,All
391,2024-06-21,Ginger,Vegetable,All
391,2024-06-21,Papaya,Fruit,Summer
391,2024-06-21,Capsicum,Vegetable,Summer
392,2024-04-28,Mango,Fruit,Summer
392,2024-04-28,Potato,Vegetable,All
392,2024-04-28,Ladyfinger,Vegetable,Summer
393,2024-09-05,Coriander,Vegetable,All
393,2024-09-05,Potato,Vegetable,All
393,2024-09-05,Garlic,Vegetable,All
394,2024-02-29,Cauliflower,Vegetable,Winter
394,2024-02-29,Guava,Fruit,Winter
394,2024-02-29,Coriander,Vegetable,All
394,2024-02-29,Cabbage,Vegetable,Winter
395,2024-06-25,Tomato,Vegetable,Summer
395,2024-06-25,Capsicum,Vegetable,Summer
396,2024-03-09,Papaya,Fruit,Summer
396,2024-03-09,Ginger,Vegetable,All
396,2024-03-09,Ladyfinger,Vegetable,Summer
396,2024-03-09,Pineapple,Fruit,Summer
397,2024-11-02,Carrot,Vegetable,Winter
397,2024-11-02,Garlic,Vegetable,All
398,2024-07-06,Onion,Vegetable,All
398,2024-07-06,Bottle Gourd,Vegetable,Rainy
399,2024-11-04,Ginger,Vegetable,All
399,2024-11-04,Cauliflower,Vegetable,Winter
399,2024-11-04,Apple,Fruit,Winter
400,2024-03-31,Muskmelon,Fruit,Summer
400,2024-03-31,Onion,Vegetable,All
400,2024-03-31,Coriander,Vegetable,All
400,2024-03-31,Potato,Vegetable,All
401,2024-08-09,Potato,Vegetable,All
401,2024-08-09,Onion,Vegetable,All
401,2024-08-09,Banana,Fruit,Rainy
402,2024-10-11,Garlic,Vegetable,All
402,2024-10-11,Potato,Vegetable,All
402,2024-10-11,Ginger,Vegetable,All
402,2024-10-11,Onion,Vegetable,All
403,2024-11-05,Cabbage,Vegetable,Winter
403,2024-11-05,Garlic,Vegetable,All
403,2024-11-05,Onion,Vegetable,All
403,2024-11-05,Coriander,Vegetable,All
403,2024-11-05,Apple,Fruit,Winter
404,2024-03-25,Papaya,Fruit,Summer
404,2024-03-25,Onion,Vegetable,All
404,2024-03-25,Muskmelon,Fruit,Summer
404,2024-03-25,Garlic,Vegetable,All
405,2024-08-24,Chilli,Vegetable,Rainy
405,2024-08-24,Garlic,Vegetable,All
405,2024-08-24,Pumpkin,Vegetable,Rainy
406,2024-03-18,Papaya,Fruit,Summer
406,2024-03-18,Mango,Fruit,Summer
406,2024-03-18,Capsicum,Vegetable,Summer
406,2024-03-18,Ladyfinger,Vegetable,Summer
407,2024-01-24,Cabbage,Vegetable,Winter
407,2024-01-24,Onion,Vegetable,All
408,2024-05-05,Capsicum,Vegetable,Summer
408,2024-05-05,Pineapple,Fruit,Summer
408,2024-05-05,Tomato,Vegetable,Summer
409,2024-04-22,Watermelon,Fruit,Summer
409,2024-04-22,Onion,Vegetable,All
409,2024-04-22,Ginger,Vegetable,All
409,2024-04-22,Papaya,Fruit,Summer
409,2024-04-22,Mango,Fruit,Summer
410,2024-07-29,Ginger,Vegetable,All
410,2024-07-29,Pumpkin,Vegetable,Rainy
410,2024-07-29,Onion,Vegetable,All
410,2024-07-29,Potato,Vegetable,All
411,2024-04-23,Ginger,Vegetable,All
411,2024-04-23,Garlic,Vegetable,All
411,2024-04-23,Potato,Vegetable,All
411,2024-04-23,Ladyfinger,Vegetable,Summer
412,2024-11-17,Potato,Vegetable,All
412,2024-11-17,Onion,Vegetable,All
413,2024-03-30,Watermelon,Fruit,Summer
413,2024-03-30,Garlic,Vegetable,All
413,2024-03-30,Tomato,Vegetable,Summer
413,2024-03-30,Papaya,Fruit,Summer
413,2024-03-30,Onion,Vegetable,All
414,2024-02-10,Potato,Vegetable,All
414,2024-02-10,Beetroot,Vegetable,Winter
415,2024-09-19,Onion,Vegetable,All
415,2024-09-19,Pumpkin,Vegetable,Rainy
415,2024-09-19,Chilli,Vegetable,Rainy
415,2024-09-19,Garlic,Vegetable,All
416,2024-05-15,Pineapple,Fruit,Summer
416,2024-05-15,Garlic,Vegetable,All
416,2024-05-15,Muskmelon,Fruit,Summer
417,2024-09-04,Coriander,Vegetable,All
417,2024-09-04,Chilli,Vegetable,Rainy
417,2024-09-04,Brinjal,Vegetable,Rainy
418,2024-08-29,Garlic,Vegetable,All
418,2024-08-29,Ginger,Vegetable,All
418,2024-08-29,Bottle Gourd,Vegetable,Rainy
418,2024-08-29,Brinjal,Vegetable,Rainy
419,2024-08-21,Onion,Vegetable,All
419,2024-08-21,Coriander,Vegetable,All
419,2024-08-21,Brinjal,Vegetable,Rainy
419,2024-08-21,Radish,Vegetable,Rainy
419,2024-08-21,Bottle Gourd,Vegetable,Rainy
420,2024-07-04,Chilli,Vegetable,Rainy
420,2024-07-04,Potato,Vegetable,All
420,2024-07-04,Bottle Gourd,Vegetable,Rainy
420,2024-07-04,Garlic,Vegetable,All
421,2024-11-17,Coriander,Vegetable,All
421,2024-11-17,Guava,Fruit,Winter
421,2024-11-17,Apple,Fruit,Winter
422,2024-10-06,Onion,Vegetable,All
422,2024-10-06,Potato,Vegetable,All
422,2024-10-06,Ginger,Vegetable,All
422,2024-10-06,Garlic,Vegetable,All
422,2024-10-06,Coriander,Vegetable,All
423,2024-02-09,Apple,Fruit,Winter
423,2024-02-09,Guava,Fruit,Winter
423,2024-02-09,Cauliflower,Vegetable,Winter
424,2024-02-19,Beetroot,Vegetable,Winter
424,2024-02-19,Cauliflower,Vegetable,Winter
425,2024-12-30,Carrot,Vegetable,Winter
425,2024-12-30,Ginger,Vegetable,All
425,2024-12-30,Coriander,Vegetable,All
426,2024-04-16,Tomato,Vegetable,Summer
426,2024-04-16,Ginger,Vegetable,All
426,2024-04-16,Muskmelon,Fruit,Summer
427,2024-09-25,Bottle Gourd,Vegetable,Rainy
427,2024-09-25,Banana,Fruit,Rainy
427,2024-09-25,Chilli,Vegetable,Rainy
427,2024-09-25,Pumpkin,Vegetable,Rainy
428,2024-08-01,Coriander,Vegetable,All
428,2024-08-01,Brinjal,Vegetable,Rainy
428,2024-08-01,Garlic,Vegetable,All
428,2024-08-01,Radish,Vegetable,Rainy
428,2024-08-01,Ginger,Vegetable,All
429,2024-10-22,Onion,Vegetable,All
429,2024-10-22,Garlic,Vegetable,All
429,2024-10-22,Coriander,Vegetable,All
430,2024-04-13,Onion,Vegetable,All
430,2024-04-13,Ladyfinger,Vegetable,Summer
430,2024-04-13,Garlic,Vegetable,All
430,2024-04-13,Capsicum,Vegetable,Summer
430,2024-04-13,Muskmelon,Fruit,Summer
431,2024-02-07,Spinach,Vegetable,Winter
431,2024-02-07,Onion,Vegetable,All
431,2024-02-07,Cauliflower,Vegetable,Winter
431,2024-02-07,Garlic,Vegetable,All
432,2024-12-13,Potato,Vegetable,All
432,2024-12-13,Garlic,Vegetable,All
433,2024-06-08,Tomato,Vegetable,Summer
433,2024-06-08,Potato,Vegetable,All
433,2024-06-08,Muskmelon,Fruit,Summer
433,2024-06-08,Pineapple,Fruit,Summer
433,2024-06-08,Capsicum,Vegetable,Summer
434,2024-01-13,Apple,Fruit,Winter
434,2024-01-13,Cabbage,Vegetable,Winter
434,2024-01-13,Green Peas,Vegetable,Winter
434,2024-01-13,Cauliflower,Vegetable,Winter
434,2024-01-13,Potato,Vegetable,All
435,2024-02-11,Carrot,Vegetable,Winter
435,2024-02-11,Guava,Fruit,Winter
436,2024-12-17,Onion,Vegetable,All
436,2024-12-17,Coriander,Vegetable,All
436,2024-12-17,Carrot,Vegetable,Winter
437,2024-12-05,Ginger,Vegetable,All
437,2024-12-05,Apple,Fruit,Winter
438,2024-02-12,Coriander,Vegetable,All
438,2024-02-12,Cabbage,Vegetable,Winter
438,2024-02-12,Ginger,Vegetable,All
438,2024-02-12,Green Peas,Vegetable,Winter
439,2024-08-02,Banana,Fruit,Rainy
439,2024-08-02,Ginger,Vegetable,All
439,2024-08-02,Onion,Vegetable,All
440,2024-07-24,Radish,Vegetable,Rainy
440,2024-07-24,Potato,Vegetable,All
440,2024-07-24,Pumpkin,Vegetable,Rainy
440,2024-07-24,Brinjal,Vegetable,Rainy
441,2024-08-05,Chilli,Vegetable,Rainy
441,2024-08-05,Brinjal,Vegetable,Rainy
441,2024-08-05,Radish,Vegetable,Rainy
442,2024-07-02,Garlic,Vegetable,All
442,2024-07-02,Pumpkin,Vegetable,Rainy
442,2024-07-02,Onion,Vegetable,All
442,2024-07-02,Bottle Gourd,Vegetable,Rainy
443,2024-04-26,Garlic,Vegetable,All
443,2024-04-26,Ginger,Vegetable,All
444,2024-10-05,Coriander,Vegetable,All
444,2024-10-05,Garlic,Vegetable,All
445,2024-08-30,Onion,Vegetable,All
445,2024-08-30,Pumpkin,Vegetable,Rainy
446,2024-12-11,Potato,Vegetable,All
446,2024-12-11,Cabbage,Vegetable,Winter
446,2024-12-11,Garlic,Vegetable,All
446,2024-12-11,Coriander,Vegetable,All
447,2024-08-29,Pumpkin,Vegetable,Rainy
447,2024-08-29,Banana,Fruit,Rainy
447,2024-08-29,Coriander,Vegetable,All
447,2024-08-29,Brinjal,Vegetable,Rainy
447,2024-08-29,Radish,Vegetable,Rainy
448,2024-05-06,Watermelon,Fruit,Summer
448,2024-05-06,Potato,Vegetable,All
449,2024-10-11,Ginger,Vegetable,All
449,2024-10-11,Coriander,Vegetable,All
449,2024-10-11,Garlic,Vegetable,All
450,2024-02-05,Spinach,Vegetable,Winter
450,2024-02-05,Ginger,Vegetable,All
450,2024-02-05,Carrot,Vegetable,Winter
450,2024-02-05,Guava,Fruit,Winter
451,2024-10-02,Onion,Vegetable,All
451,2024-10-02,Garlic,Vegetable,All
451,2024-10-02,Ginger,Vegetable,All
451,2024-10-02,Coriander,Vegetable,All
452,2024-06-29,Muskmelon,Fruit,Summer
452,2024-06-29,Potato,Vegetable,All
453,2024-11-03,Spinach,Vegetable,Winter
453,2024-11-03,Apple,Fruit,Winter
453,2024-11-03,Cabbage,Vegetable,Winter
454,2024-09-22,Chilli,Vegetable,Rainy
454,2024-09-22,Radish,Vegetable,Rainy
454,2024-09-22,Pumpkin,Vegetable,Rainy
454,2024-09-22,Ginger,Vegetable,All
455,2024-05-10,Onion,Vegetable,All
455,2024-05-10,Watermelon,Fruit,Summer
456,2024-09-03,Brinjal,Vegetable,Rainy
456,2024-09-03,Bottle Gourd,Vegetable,Rainy
456,2024-09-03,Radish,Vegetable,Rainy
456,2024-09-03,Potato,Vegetable,All
456,2024-09-03,Ginger,Vegetable,All
457,2024-10-19,Garlic,Vegetable,All
457,2024-10-19,Onion,Vegetable,All
457,2024-10-19,Potato,Vegetable,All
457,2024-10-19,Coriander,Vegetable,All
457,2024-10-19,Ginger,Vegetable,All
458,2024-09-01,Chilli,Vegetable,Rainy
458,2024-09-01,Onion,Vegetable,All
458,2024-09-01,Ginger,Vegetable,All
458,2024-09-01,Coriander,Vegetable,All
458,2024-09-01,Banana,Fruit,Rainy
459,2024-02-05,Coriander,Vegetable,All
459,2024-02-05,Apple,Fruit,Winter
460,2024-12-13,Apple,Fruit,Winter
460,2024-12-13,Garlic,Vegetable,All
460,2024-12-13,Coriander,Vegetable,All
461,2024-04-25,Ladyfinger,Vegetable,Summer
461,2024-04-25,Ginger,Vegetable,All
461,2024-04-25,Watermelon,Fruit,Summer
462,2024-09-14,Coriander,Vegetable,All
462,2024-09-14,Pumpkin,Vegetable,Rainy
462,2024-09-14,Potato,Vegetable,All
463,2024-07-27,Radish,Vegetable,Rainy
463,2024-07-27,Brinjal,Vegetable,Rainy
463,2024-07-27,Ginger,Vegetable,All
464,2024-05-18,Coriander,Vegetable,All
464,2024-05-18,Pineapple,Fruit,Summer
464,2024-05-18,Mango,Fruit,Summer
465,2024-03-20,Muskmelon,Fruit,Summer
465,2024-03-20,Papaya,Fruit,Summer
466,2024-01-03,Garlic,Vegetable,All
466,2024-01-03,Ginger,Vegetable,All
466,2024-01-03,Coriander,Vegetable,All
466,2024-01-03,Apple,Fruit,Winter
467,2024-11-19,Coriander,Vegetable,All
467,2024-11-19,Spinach,Vegetable,Winter
467,2024-11-19,Potato,Vegetable,All
468,2024-03-10,Potato,Vegetable,All
468,2024-03-10,Mango,Fruit,Summer
468,2024-03-10,Garlic,Vegetable,All
468,2024-03-10,Coriander,Vegetable,All
468,2024-03-10,Tomato,Vegetable,Summer
469,2024-07-25,Ginger,Vegetable,All
469,2024-07-25,Pumpkin,Vegetable,Rainy
470,2024-06-09,Papaya,Fruit,Summer
470,2024-06-09,Muskmelon,Fruit,Summer
470,2024-06-09,Mango,Fruit,Summer
470,2024-06-09,Ladyfinger,Vegetable,Summer
470,2024-06-09,Capsicum,Vegetable,Summer
471,2024-03-15,Ladyfinger,Vegetable,Summer
471,2024-03-15,Potato,Vegetable,All
472,2024-05-02,Ginger,Vegetable,All
472,2024-05-02,Papaya,Fruit,Summer
472,2024-05-02,Ladyfinger,Vegetable,Summer
472,2024-05-02,Muskmelon,Fruit,Summer
473,2024-08-18,Onion,Vegetable,All
473,2024-08-18,Bottle Gourd,Vegetable,Rainy
473,2024-08-18,Pumpkin,Vegetable,Rainy
474,2024-12-08,Ginger,Vegetable,All
474,2024-12-08,Garlic,Vegetable,All
474,2024-12-08,Coriander,Vegetable,All
474,2024-12-08,Beetroot,Vegetable,Winter
475,2024-04-14,Coriander,Vegetable,All
475,2024-04-14,Ginger,Vegetable,All
475,2024-04-14,Watermelon,Fruit,Summer
475,2024-04-14,Garlic,Vegetable,All
476,2024-08-25,Chilli,Vegetable,Rainy
476,2024-08-25,Ginger,Vegetable,All
476,2024-08-25,Coriander,Vegetable,All
476,2024-08-25,Onion,Vegetable,All
476,2024-08-25,Banana,Fruit,Rainy
477,2024-06-28,Onion,Vegetable,All
477,2024-06-28,Potato,Vegetable,All
477,2024-06-28,Tomato,Vegetable,Summer
477,2024-06-28,Ladyfinger,Vegetable,Summer
477,2024-06-28,Garlic,Vegetable,All
478,2024-05-02,Garlic,Vegetable,All
478,2024-05-02,Tomato,Vegetable,Summer
479,2024-04-05,Pineapple,Fruit,Summer
479,2024-04-05,Garlic,Vegetable,All
480,2024-11-13,Potato,Vegetable,All
480,2024-11-13,Garlic,Vegetable,All
480,2024-11-13,Cauliflower,Vegetable,Winter
480,2024-11-13,Apple,Fruit,Winter
481,2024-05-27,Garlic,Vegetable,All
481,2024-05-27,Onion,Vegetable,All
481,2024-05-27,Mango,Fruit,Summer
481,2024-05-27,Potato,Vegetable,All
481,2024-05-27,Capsicum,Vegetable,Summer
482,2024-06-21,Watermelon,Fruit,Summer
482,2024-06-21,Capsicum,Vegetable,Summer
482,2024-06-21,Coriander,Vegetable,All
483,2024-11-20,Spinach,Vegetable,Winter
483,2024-11-20,Guava,Fruit,Winter
483,2024-11-20,Onion,Vegetable,All
483,2024-11-20,Cauliflower,Vegetable,Winter
484,2024-11-24,Ginger,Vegetable,All
484,2024-11-24,Carrot,Vegetable,Winter
484,2024-11-24,Spinach,Vegetable,Winter
484,2024-11-24,Apple,Fruit,Winter
484,2024-11-24,Cabbage,Vegetable,Winter
485,2024-11-06,Potato,Vegetable,All
485,2024-11-06,Carrot,Vegetable,Winter
485,2024-11-06,Apple,Fruit,Winter
485,2024-11-06,Onion,Vegetable,All
485,2024-11-06,Ginger,Vegetable,All
486,2024-05-22,Ladyfinger,Vegetable,Summer
486,2024-05-22,Onion,Vegetable,All
486,2024-05-22,Pineapple,Fruit,Summer
486,2024-05-22,Tomato,Vegetable,Summer
486,2024-05-22,Papaya,Fruit,Summer
487,2024-01-22,Cauliflower,Vegetable,Winter
487,2024-01-22,Guava,Fruit,Winter
487,2024-01-22,Ginger,Vegetable,All
487,2024-01-22,Apple,Fruit,Winter
487,2024-01-22,Cabbage,Vegetable,Winter
488,2024-03-04,Watermelon,Fruit,Summer
488,2024-03-04,Garlic,Vegetable,All
488,2024-03-04,Capsicum,Vegetable,Summer
488,2024-03-04,Pineapple,Fruit,Summer
489,2024-05-04,Capsicum,Vegetable,Summer
489,2024-05-04,Garlic,Vegetable,All
489,2024-05-04,Potato,Vegetable,All
489,2024-05-04,Watermelon,Fruit,Summer
489,2024-05-04,Ginger,Vegetable,All
490,2024-08-16,Coriander,Vegetable,All
490,2024-08-16,Ginger,Vegetable,All
490,2024-08-16,Potato,Vegetable,All
490,2024-08-16,Banana,Fruit,Rainy
490,2024-08-16,Bottle Gourd,Vegetable,Rainy
491,2024-05-05,Tomato,Vegetable,Summer
491,2024-05-05,Capsicum,Vegetable,Summer
491,2024-05-05,Watermelon,Fruit,Summer
491,2024-05-05,Ladyfinger,Vegetable,Summer
492,2024-01-23,Potato,Vegetable,All
492,2024-01-23,Ginger,Vegetable,All
493,2024-10-31,Coriander,Vegetable,All
493,2024-10-31,Potato,Vegetable,All
493,2024-10-31,Onion,Vegetable,All
493,2024-10-31,Garlic,Vegetable,All
493,2024-10-31,Ginger,Vegetable,All
494,2024-10-08,Ginger,Vegetable,All
494,2024-10-08,Onion,Vegetable,All
494,2024-10-08,Coriander,Vegetable,All
495,2024-06-07,Capsicum,Vegetable,Summer
495,2024-06-07,Ginger,Vegetable,All
495,2024-06-07,Onion,Vegetable,All
496,2024-03-09,Garlic,Vegetable,All
496,2024-03-09,Capsicum,Vegetable,Summer
496,2024-03-09,Coriander,Vegetable,All
496,2024-03-09,Watermelon,Fruit,Summer
496,2024-03-09,Mango,Fruit,Summer
497,2024-07-30,Radish,Vegetable,Rainy
497,2024-07-30,Bottle Gourd,Vegetable,Rainy
497,2024-07-30,Brinjal,Vegetable,Rainy
497,2024-07-30,Coriander,Vegetable,All
498,2024-02-11,Garlic,Vegetable,All
498,2024-02-11,Potato,Vegetable,All
498,2024-02-11,Apple,Fruit,Winter
498,2024-02-11,Spinach,Vegetable,Winter
498,2024-02-11,Ginger,Vegetable,All
499,2024-05-13,Coriander,Vegetable,All
499,2024-05-13,Onion,Vegetable,All
499,2024-05-13,Muskmelon,Fruit,Summer
499,2024-05-13,Papaya,Fruit,Summer
500,2024-06-27,Coriander,Vegetable,All
500,2024-06-27,Pineapple,Fruit,Summer
500,2024-06-27,Potato,Vegetable,All
500,2024-06-27,Muskmelon,Fruit,Summer
500,2024-06-27,Ladyfinger,Vegetable,Summer
501,2024-07-05,Garlic,Vegetable,All
501,2024-07-05,Banana,Fruit,Rainy
501,2024-07-05,Coriander,Vegetable,All
501,2024-07-05,Ginger,Vegetable,All
502,2024-03-28,Coriander,Vegetable,All
502,2024-03-28,Tomato,Vegetable,Summer
502,2024-03-28,Watermelon,Fruit,Summer
502,2024-03-28,Garlic,Vegetable,All
502,2024-03-28,Onion,Vegetable,All
503,2024-03-12,Ginger,Vegetable,All
503,2024-03-12,Coriander,Vegetable,All
504,2024-04-05,Mango,Fruit,Summer
504,2024-04-05,Papaya,Fruit,Summer
504,2024-04-05,Tomato,Vegetable,Summer
505,2024-05-13,Mango,Fruit,Summer
505,2024-05-13,Capsicum,Vegetable,Summer
505,2024-05-13,Tomato,Vegetable,Summer
505,2024-05-13,Pineapple,Fruit,Summer
505,2024-05-13,Muskmelon,Fruit,Summer
506,2024-09-29,Radish,Vegetable,Rainy
506,2024-09-29,Chilli,Vegetable,Rainy
506,2024-09-29,Coriander,Vegetable,All
507,2024-07-11,Chilli,Vegetable,Rainy
507,2024-07-11,Garlic,Vegetable,All
507,2024-07-11,Coriander,Vegetable,All
507,2024-07-11,Bottle Gourd,Vegetable,Rainy
508,2024-10-18,Garlic,Vegetable,All
508,2024-10-18,Coriander,Vegetable,All
508,2024-10-18,Ginger,Vegetable,All
508,2024-10-18,Potato,Vegetable,All
508,2024-10-18,Onion,Vegetable,All
509,2024-03-07,Ladyfinger,Vegetable,Summer
509,2024-03-07,Onion,Vegetable,All
509,2024-03-07,Ginger,Vegetable,All
509,2024-03-07,Watermelon,Fruit,Summer
509,2024-03-07,Tomato,Vegetable,Summer
510,2024-08-21,Coriander,Vegetable,All
510,2024-08-21,Ginger,Vegetable,All
511,2024-08-26,Potato,Vegetable,All
511,2024-08-26,Radish,Vegetable,Rainy
511,2024-08-26,Brinjal,Vegetable,Rainy
511,2024-08-26,Garlic,Vegetable,All
512,2024-10-07,Ginger,Vegetable,All
512,2024-10-07,Onion,Vegetable,All
512,2024-10-07,Garlic,Vegetable,All
512,2024-10-07,Coriander,Vegetable,All
512,2024-10-07,Potato,Vegetable,All
513,2024-01-09,Apple,Fruit,Winter
513,2024-01-09,Spinach,Vegetable,Winter
513,2024-01-09,Ginger,Vegetable,All
513,2024-01-09,Coriander,Vegetable,All
513,2024-01-09,Onion,Vegetable,All
514,2024-10-26,Onion,Vegetable,All
514,2024-10-26,Potato,Vegetable,All
514,2024-10-26,Ginger,Vegetable,All
515,2024-10-23,Potato,Vegetable,All
515,2024-10-23,Garlic,Vegetable,All
515,2024-10-23,Ginger,Vegetable,All
516,2024-05-31,Onion,Vegetable,All
516,2024-05-31,Garlic,Vegetable,All
517,2024-08-27,Banana,Fruit,Rainy
517,2024-08-27,Coriander,Vegetable,All
517,2024-08-27,Brinjal,Vegetable,Rainy
518,2024-05-05,Muskmelon,Fruit,Summer
518,2024-05-05,Potato,Vegetable,All
518,2024-05-05,Capsicum,Vegetable,Summer
519,2024-05-26,Mango,Fruit,Summer
519,2024-05-26,Garlic,Vegetable,All
519,2024-05-26,Ladyfinger,Vegetable,Summer
520,2024-10-27,Garlic,Vegetable,All
520,2024-10-27,Onion,Vegetable,All
521,2024-05-09,Watermelon,Fruit,Summer
521,2024-05-09,Garlic,Vegetable,All
522,2024-10-21,Garlic,Vegetable,All
522,2024-10-21,Onion,Vegetable,All
522,2024-10-21,Coriander,Vegetable,All
522,2024-10-21,Ginger,Vegetable,All
523,2024-03-16,Ladyfinger,Vegetable,Summer
523,2024-03-16,Coriander,Vegetable,All
523,2024-03-16,Pineapple,Fruit,Summer
523,2024-03-16,Tomato,Vegetable,Summer
524,2024-05-02,Coriander,Vegetable,All
524,2024-05-02,Mango,Fruit,Summer
524,2024-05-02,Tomato,Vegetable,Summer
524,2024-05-02,Ginger,Vegetable,All
525,2024-03-17,Pineapple,Fruit,Summer
525,2024-03-17,Coriander,Vegetable,All
525,2024-03-17,Ladyfinger,Vegetable,Summer
525,2024-03-17,Potato,Vegetable,All
526,2024-09-23,Ginger,Vegetable,All
526,2024-09-23,Potato,Vegetable,All
526,2024-09-23,Coriander,Vegetable,All
526,2024-09-23,Onion,Vegetable,All
526,2024-09-23,Garlic,Vegetable,All
527,2024-03-09,Tomato,Vegetable,Summer
527,2024-03-09,Watermelon,Fruit,Summer
527,2024-03-09,Onion,Vegetable,All
528,2024-04-02,Tomato,Vegetable,Summer
528,2024-04-02,Watermelon,Fruit,Summer
528,2024-04-02,Pineapple,Fruit,Summer
529,2024-05-06,Potato,Vegetable,All
529,2024-05-06,Garlic,Vegetable,All
530,2024-01-10,Potato,Vegetable,All
530,2024-01-10,Cabbage,Vegetable,Winter
531,2024-12-23,Guava,Fruit,Winter
531,2024-12-23,Coriander,Vegetable,All
532,2024-01-06,Guava,Fruit,Winter
532,2024-01-06,Spinach,Vegetable,Winter
532,2024-01-06,Potato,Vegetable,All
533,2024-08-05,Garlic,Vegetable,All
533,2024-08-05,Radish,Vegetable,Rainy
533,2024-08-05,Chilli,Vegetable,Rainy
533,2024-08-05,Onion,Vegetable,All
533,2024-08-05,Pumpkin,Vegetable,Rainy
534,2024-11-17,Carrot,Vegetable,Winter
534,2024-11-17,Spinach,Vegetable,Winter
535,2024-10-19,Ginger,Vegetable,All
535,2024-10-19,Garlic,Vegetable,All
536,2024-03-19,Garlic,Vegetable,All
536,2024-03-19,Coriander,Vegetable,All
536,2024-03-19,Capsicum,Vegetable,Summer
537,2024-02-01,Garlic,Vegetable,All
537,2024-02-01,Guava,Fruit,Winter
538,2024-09-16,Coriander,Vegetable,All
538,2024-09-16,Brinjal,Vegetable,Rainy
539,2024-07-23,Radish,Vegetable,Rainy
539,2024-07-23,Coriander,Vegetable,All
539,2024-07-23,Pumpkin,Vegetable,Rainy
539,2024-07-23,Brinjal,Vegetable,Rainy
540,2024-09-02,Ginger,Vegetable,All
540,2024-09-02,Banana,Fruit,Rainy
540,2024-09-02,Garlic,Vegetable,All
540,2024-09-02,Brinjal,Vegetable,Rainy
540,2024-09-02,Onion,Vegetable,All
541,2024-02-10,Spinach,Vegetable,Winter
541,2024-02-10,Onion,Vegetable,All
541,2024-02-10,Guava,Fruit,Winter
542,2024-04-02,Onion,Vegetable,All
542,2024-04-02,Ladyfinger,Vegetable,Summer
542,2024-04-02,Papaya,Fruit,Summer
542,2024-04-02,Mango,Fruit,Summer
542,2024-04-02,Garlic,Vegetable,All
543,2024-08-28,Chilli,Vegetable,Rainy
543,2024-08-28,Ginger,Vegetable,All
544,2024-07-16,Radish,Vegetable,Rainy
544,2024-07-16,Chilli,Vegetable,Rainy
545,2024-05-12,Watermelon,Fruit,Summer
545,2024-05-12,Tomato,Vegetable,Summer
545,2024-05-12,Muskmelon,Fruit,Summer
545,2024-05-12,Mango,Fruit,Summer
546,2024-05-12,Muskmelon,Fruit,Summer
546,2024-05-12,Tomato,Vegetable,Summer
546,2024-05-12,Ladyfinger,Vegetable,Summer
546,2024-05-12,Onion,Vegetable,All
546,2024-05-12,Coriander,Vegetable,All
547,2024-03-22,Garlic,Vegetable,All
547,2024-03-22,Papaya,Fruit,Summer
547,2024-03-22,Ginger,Vegetable,All
547,2024-03-22,Mango,Fruit,Summer
548,2024-06-08,Ginger,Vegetable,All
548,2024-06-08,Onion,Vegetable,All
549,2024-08-25,Garlic,Vegetable,All
549,2024-08-25,Coriander,Vegetable,All
549,2024-08-25,Onion,Vegetable,All
550,2024-04-16,Coriander,Vegetable,All
550,2024-04-16,Mango,Fruit,Summer
551,2024-01-29,Onion,Vegetable,All
551,2024-01-29,Green Peas,Vegetable,Winter
551,2024-01-29,Cabbage,Vegetable,Winter
551,2024-01-29,Guava,Fruit,Winter
552,2024-06-20,Papaya,Fruit,Summer
552,2024-06-20,Potato,Vegetable,All
552,2024-06-20,Onion,Vegetable,All
552,2024-06-20,Muskmelon,Fruit,Summer
553,2024-11-15,Beetroot,Vegetable,Winter
553,2024-11-15,Onion,Vegetable,All
553,2024-11-15,Garlic,Vegetable,All
554,2024-09-29,Onion,Vegetable,All
554,2024-09-29,Coriander,Vegetable,All
554,2024-09-29,Ginger,Vegetable,All
554,2024-09-29,Bottle Gourd,Vegetable,Rainy
554,2024-09-29,Pumpkin,Vegetable,Rainy
555,2024-03-11,Potato,Vegetable,All
555,2024-03-11,Ginger,Vegetable,All
555,2024-03-11,Garlic,Vegetable,All
556,2024-07-25,Bottle Gourd,Vegetable,Rainy
556,2024-07-25,Garlic,Vegetable,All
556,2024-07-25,Pumpkin,Vegetable,Rainy
556,2024-07-25,Radish,Vegetable,Rainy
557,2024-03-20,Mango,Fruit,Summer
557,2024-03-20,Capsicum,Vegetable,Summer
557,2024-03-20,Muskmelon,Fruit,Summer
557,2024-03-20,Garlic,Vegetable,All
558,2024-04-13,Papaya,Fruit,Summer
558,2024-04-13,Potato,Vegetable,All
558,2024-04-13,Pineapple,Fruit,Summer
558,2024-04-13,Muskmelon,Fruit,Summer
558,2024-04-13,Tomato,Vegetable,Summer
559,2024-04-14,Ginger,Vegetable,All
559,2024-04-14,Muskmelon,Fruit,Summer
559,2024-04-14,Onion,Vegetable,All
559,2024-04-14,Garlic,Vegetable,All
559,2024-04-14,Potato,Vegetable,All
560,2024-06-12,Potato,Vegetable,All
560,2024-06-12,Garlic,Vegetable,All
560,2024-06-12,Mango,Fruit,Summer
560,2024-06-12,Capsicum,Vegetable,Summer
560,2024-06-12,Onion,Vegetable,All
561,2024-09-26,Onion,Vegetable,All
561,2024-09-26,Radish,Vegetable,Rainy
562,2024-04-16,Capsicum,Vegetable,Summer
562,2024-04-16,Ginger,Vegetable,All
562,2024-04-16,Watermelon,Fruit,Summer
563,2024-05-04,Muskmelon,Fruit,Summer
563,2024-05-04,Capsicum,Vegetable,Summer
563,2024-05-04,Tomato,Vegetable,Summer
564,2024-06-29,Papaya,Fruit,Summer
564,2024-06-29,Mango,Fruit,Summer
564,2024-06-29,Ladyfinger,Vegetable,Summer
564,2024-06-29,Watermelon,Fruit,Summer
565,2024-07-29,Coriander,Vegetable,All
565,2024-07-29,Ginger,Vegetable,All
565,2024-07-29,Chilli,Vegetable,Rainy
565,2024-07-29,Radish,Vegetable,Rainy
566,2024-04-16,Potato,Vegetable,All
566,2024-04-16,Tomato,Vegetable,Summer
567,2024-09-08,Potato,Vegetable,All
567,2024-09-08,Coriander,Vegetable,All
567,2024-09-08,Bottle Gourd,Vegetable,Rainy
568,2024-10-13,Onion,Vegetable,All
568,2024-10-13,Potato,Vegetable,All
569,2024-06-20,Potato,Vegetable,All
569,2024-06-20,Tomato,Vegetable,Summer
569,2024-06-20,Papaya,Fruit,Summer
569,2024-06-20,Pineapple,Fruit,Summer
569,2024-06-20,Garlic,Vegetable,All
570,2024-01-24,Onion,Vegetable,All
570,2024-01-24,Carrot,Vegetable,Winter
571,2024-04-20,Ginger,Vegetable,All
571,2024-04-20,Tomato,Vegetable,Summer
571,2024-04-20,Coriander,Vegetable,All
571,2024-04-20,Garlic,Vegetable,All
572,2024-06-06,Muskmelon,Fruit,Summer
572,2024-06-06,Papaya,Fruit,Summer
572,2024-06-06,Pineapple,Fruit,Summer
572,2024-06-06,Tomato,Vegetable,Summer
572,2024-06-06,Ginger,Vegetable,All
573,2024-07-13,Potato,Vegetable,All
573,2024-07-13,Bottle Gourd,Vegetable,Rainy
573,2024-07-13,Brinjal,Vegetable,Rainy
573,2024-07-13,Onion,Vegetable,All
574,2024-12-26,Carrot,Vegetable,Winter
574,2024-12-26,Cauliflower,Vegetable,Winter
575,2024-01-19,Potato,Vegetable,All
575,2024-01-19,Carrot,Vegetable,Winter
576,2024-10-03,Garlic,Vegetable,All
576,2024-10-03,Coriander,Vegetable,All
576,2024-10-03,Onion,Vegetable,All
576,2024-10-03,Ginger,Vegetable,All
577,2024-03-25,Mango,Fruit,Summer
577,2024-03-25,Coriander,Vegetable,All
577,2024-03-25,Watermelon,Fruit,Summer
578,2024-06-04,Watermelon,Fruit,Summer
578,2024-06-04,Capsicum,Vegetable,Summer
578,2024-06-04,Onion,Vegetable,All
578,2024-06-04,Ginger,Vegetable,All
579,2024-12-13,Apple,Fruit,Winter
579,2024-12-13,Green Peas,Vegetable,Winter
579,2024-12-13,Spinach,Vegetable,Winter
580,2024-11-07,Cabbage,Vegetable,Winter
580,2024-11-07,Green Peas,Vegetable,Winter
580,2024-11-07,Garlic,Vegetable,All
581,2024-05-17,Onion,Vegetable,All
581,2024-05-17,Potato,Vegetable,All
581,2024-05-17,Watermelon,Fruit,Summer
582,2024-12-15,Beetroot,Vegetable,Winter
582,2024-12-15,Guava,Fruit,Winter
582,2024-12-15,Cauliflower,Vegetable,Winter
582,2024-12-15,Onion,Vegetable,All
583,2024-12-10,Beetroot,Vegetable,Winter
583,2024-12-10,Apple,Fruit,Winter
584,2024-04-19,Coriander,Vegetable,All
584,2024-04-19,Tomato,Vegetable,Summer
584,2024-04-19,Muskmelon,Fruit,Summer
585,2024-03-07,Tomato,Vegetable,Summer
585,2024-03-07,Ginger,Vegetable,All
585,2024-03-07,Garlic,Vegetable,All
586,2024-10-13,Garlic,Vegetable,All
586,2024-10-13,Onion,Vegetable,All
586,2024-10-13,Ginger,Vegetable,All
586,2024-10-13,Coriander,Vegetable,All
587,2024-09-25,Ginger,Vegetable,All
587,2024-09-25,Bottle Gourd,Vegetable,Rainy
587,2024-09-25,Brinjal,Vegetable,Rainy
587,2024-09-25,Onion,Vegetable,All
587,2024-09-25,Pumpkin,Vegetable,Rainy
588,2024-06-20,Ladyfinger,Vegetable,Summer
588,2024-06-20,Coriander,Vegetable,All
588,2024-06-20,Mango,Fruit,Summer
589,2024-12-06,Apple,Fruit,Winter
589,2024-12-06,Cauliflower,Vegetable,Winter
589,2024-12-06,Cabbage,Vegetable,Winter
589,2024-12-06,Potato,Vegetable,All
590,2024-11-03,Garlic,Vegetable,All
590,2024-11-03,Beetroot,Vegetable,Winter
590,2024-11-03,Spinach,Vegetable,Winter
591,2024-09-09,Onion,Vegetable,All
591,2024-09-09,Potato,Vegetable,All
592,2024-10-06,Onion,Vegetable,All
592,2024-10-06,Ginger,Vegetable,All
593,2024-03-25,Watermelon,Fruit,Summer
593,2024-03-25,Capsicum,Vegetable,Summer
593,2024-03-25,Garlic,Vegetable,All
593,2024-03-25,Ladyfinger,Vegetable,Summer
594,2024-03-16,Mango,Fruit,Summer
594,2024-03-16,Coriander,Vegetable,All
595,2024-04-02,Muskmelon,Fruit,Summer
595,2024-04-02,Tomato,Vegetable,Summer
595,2024-04-02,Potato,Vegetable,All
595,2024-04-02,Onion,Vegetable,All
595,2024-04-02,Ladyfinger,Vegetable,Summer
596,2024-07-05,Brinjal,Vegetable,Rainy
596,2024-07-05,Banana,Fruit,Rainy
597,2024-11-07,Carrot,Vegetable,Winter
597,2024-11-07,Cabbage,Vegetable,Winter
597,2024-11-07,Ginger,Vegetable,All
597,2024-11-07,Garlic,Vegetable,All
598,2024-01-19,Apple,Fruit,Winter
598,2024-01-19,Guava,Fruit,Winter
598,2024-01-19,Carrot,Vegetable,Winter
598,2024-01-19,Onion,Vegetable,All
598,2024-01-19,Ginger,Vegetable,All
599,2024-01-23,Potato,Vegetable,All
599,2024-01-23,Onion,Vegetable,All
599,2024-01-23,Apple,Fruit,Winter
600,2024-08-05,Garlic,Vegetable,All
600,2024-08-05,Banana,Fruit,Rainy
600,2024-08-05,Brinjal,Vegetable,Rainy
601,2024-02-11,Green Peas,Vegetable,Winter
601,2024-02-11,Beetroot,Vegetable,Winter
601,2024-02-11,Cauliflower,Vegetable,Winter
601,2024-02-11,Ginger,Vegetable,All
601,2024-02-11,Apple,Fruit,Winter
602,2024-07-03,Coriander,Vegetable,All
602,2024-07-03,Banana,Fruit,Rainy
602,2024-07-03,Chilli,Vegetable,Rainy
602,2024-07-03,Radish,Vegetable,Rainy
602,2024-07-03,Garlic,Vegetable,All
603,2024-06-21,Watermelon,Fruit,Summer
603,2024-06-21,Muskmelon,Fruit,Summer
603,2024-06-21,Garlic,Vegetable,All
603,2024-06-21,Ladyfinger,Vegetable,Summer
603,2024-06-21,Pineapple,Fruit,Summer
604,2024-08-16,Onion,Vegetable,All
604,2024-08-16,Coriander,Vegetable,All
605,2024-05-13,Onion,Vegetable,All
605,2024-05-13,Muskmelon,Fruit,Summer
605,2024-05-13,Capsicum,Vegetable,Summer
605,2024-05-13,Coriander,Vegetable,All
605,2024-05-13,Garlic,Vegetable,All
606,2024-01-26,Potato,Vegetable,All
606,2024-01-26,Guava,Fruit,Winter
607,2024-03-28,Pineapple,Fruit,Summer
607,2024-03-28,Muskmelon,Fruit,Summer
607,2024-03-28,Tomato,Vegetable,Summer
607,2024-03-28,Papaya,Fruit,Summer
608,2024-08-15,Radish,Vegetable,Rainy
608,2024-08-15,Garlic,Vegetable,All
609,2024-08-26,Banana,Fruit,Rainy
609,2024-08-26,Coriander,Vegetable,All
610,2024-06-16,Coriander,Vegetable,All
610,2024-06-16,Muskmelon,Fruit,Summer
610,2024-06-16,Onion,Vegetable,All
611,2024-01-30,Guava,Fruit,Winter
611,2024-01-30,Garlic,Vegetable,All
611,2024-01-30,Cauliflower,Vegetable,Winter
611,2024-01-30,Cabbage,Vegetable,Winter
612,2024-05-11,Muskmelon,Fruit,Summer
612,2024-05-11,Ladyfinger,Vegetable,Summer
613,2024-10-16,Onion,Vegetable,All
613,2024-10-16,Potato,Vegetable,All
613,2024-10-16,Coriander,Vegetable,All
613,2024-10-16,Garlic,Vegetable,All
614,2024-06-18,Watermelon,Fruit,Summer
614,2024-06-18,Muskmelon,Fruit,Summer
614,2024-06-18,Onion,Vegetable,All
614,2024-06-18,Ladyfinger,Vegetable,Summer
614,2024-06-18,Papaya,Fruit,Summer
615,2024-10-08,Potato,Vegetable,All
615,2024-10-08,Onion,Vegetable,All
616,2024-07-15,Coriander,Vegetable,All
616,2024-07-15,Garlic,Vegetable,All
616,2024-07-15,Onion,Vegetable,All
616,2024-07-15,Pumpkin,Vegetable,Rainy
616,2024-07-15,Chilli,Vegetable,Rainy
617,2024-04-28,Onion,Vegetable,All
617,2024-04-28,Pineapple,Fruit,Summer
618,2024-03-11,Mango,Fruit,Summer
618,2024-03-11,Capsicum,Vegetable,Summer
619,2024-03-09,Capsicum,Vegetable,Summer
619,2024-03-09,Onion,Vegetable,All
619,2024-03-09,Pineapple,Fruit,Summer
619,2024-03-09,Muskmelon,Fruit,Summer
620,2024-04-05,Onion,Vegetable,All
620,2024-04-05,Watermelon,Fruit,Summer
620,2024-04-05,Tomato,Vegetable,Summer
621,2024-10-17,Onion,Vegetable,All
621,2024-10-17,Coriander,Vegetable,All
621,2024-10-17,Potato,Vegetable,All
622,2024-05-21,Papaya,Fruit,Summer
622,2024-05-21,Pineapple,Fruit,Summer
622,2024-05-21,Watermelon,Fruit,Summer
623,2024-11-08,Garlic,Vegetable,All
623,2024-11-08,Apple,Fruit,Winter
623,2024-11-08,Spinach,Vegetable,Winter
623,2024-11-08,Beetroot,Vegetable,Winter
624,2024-02-02,Guava,Fruit,Winter
624,2024-02-02,Cauliflower,Vegetable,Winter
624,2024-02-02,Carrot,Vegetable,Winter
624,2024-02-02,Potato,Vegetable,All
625,2024-05-03,Pineapple,Fruit,Summer
625,2024-05-03,Watermelon,Fruit,Summer
626,2024-12-04,Carrot,Vegetable,Winter
626,2024-12-04,Spinach,Vegetable,Winter
626,2024-12-04,Coriander,Vegetable,All
627,2024-05-03,Ginger,Vegetable,All
627,2024-05-03,Garlic,Vegetable,All
627,2024-05-03,Coriander,Vegetable,All
628,2024-07-24,Onion,Vegetable,All
628,2024-07-24,Brinjal,Vegetable,Rainy
629,2024-02-05,Beetroot,Vegetable,Winter
629,2024-02-05,Ginger,Vegetable,All
629,2024-02-05,Onion,Vegetable,All
630,2024-06-18,Garlic,Vegetable,All
630,2024-06-18,Pineapple,Fruit,Summer
630,2024-06-18,Mango,Fruit,Summer
630,2024-06-18,Tomato,Vegetable,Summer
631,2024-10-09,Ginger,Vegetable,All
631,2024-10-09,Garlic,Vegetable,All
631,2024-10-09,Potato,Vegetable,All
631,2024-10-09,Coriander,Vegetable,All
632,2024-10-13,Potato,Vegetable,All
632,2024-10-13,Coriander,Vegetable,All
633,2024-05-04,Mango,Fruit,Summer
633,2024-05-04,Garlic,Vegetable,All
633,2024-05-04,Tomato,Vegetable,Summer
633,2024-05-04,Ginger,Vegetable,All
633,2024-05-04,Watermelon,Fruit,Summer
634,2024-01-20,Beetroot,Vegetable,Winter
634,2024-01-20,Apple,Fruit,Winter
634,2024-01-20,Guava,Fruit,Winter
635,2024-06-01,Capsicum,Vegetable,Summer
635,2024-06-01,Garlic,Vegetable,All
635,2024-06-01,Pineapple,Fruit,Summer
635,2024-06-01,Coriander,Vegetable,All
636,2024-10-05,Garlic,Vegetable,All
636,2024-10-05,Potato,Vegetable,All
636,2024-10-05,Ginger,Vegetable,All
636,2024-10-05,Onion,Vegetable,All
636,2024-10-05,Coriander,Vegetable,All
637,2024-05-02,Muskmelon,Fruit,Summer
637,2024-05-02,Tomato,Vegetable,Summer
637,2024-05-02,Ginger,Vegetable,All
637,2024-05-02,Mango,Fruit,Summer
638,2024-04-01,Ginger,Vegetable,All
638,2024-04-01,Onion,Vegetable,All
638,2024-04-01,Watermelon,Fruit,Summer
638,2024-04-01,Pineapple,Fruit,Summer
638,2024-04-01,Muskmelon,Fruit,Summer
639,2024-02-22,Coriander,Vegetable,All
639,2024-02-22,Cabbage,Vegetable,Winter
639,2024-02-22,Ginger,Vegetable,All
640,2024-07-14,Brinjal,Vegetable,Rainy
640,2024-07-14,Potato,Vegetable,All
640,2024-07-14,Pumpkin,Vegetable,Rainy
640,2024-07-14,Onion,Vegetable,All
641,2024-04-25,Capsicum,Vegetable,Summer
641,2024-04-25,Papaya,Fruit,Summer
641,2024-04-25,Tomato,Vegetable,Summer
641,2024-04-25,Potato,Vegetable,All
641,2024-04-25,Muskmelon,Fruit,Summer
642,2024-08-31,Ginger,Vegetable,All
642,2024-08-31,Potato,Vegetable,All
643,2024-12-13,Potato,Vegetable,All
643,2024-12-13,Green Peas,Vegetable,Winter
644,2024-12-21,Garlic,Vegetable,All
644,2024-12-21,Onion,Vegetable,All
645,2024-08-12,Radish,Vegetable,Rainy
645,2024-08-12,Bottle Gourd,Vegetable,Rainy
645,2024-08-12,Potato,Vegetable,All
645,2024-08-12,Onion,Vegetable,All
645,2024-08-12,Chilli,Vegetable,Rainy
646,2024-02-24,Coriander,Vegetable,All
646,2024-02-24,Green Peas,Vegetable,Winter
647,2024-03-15,Capsicum,Vegetable,Summer
647,2024-03-15,Ginger,Vegetable,All
647,2024-03-15,Mango,Fruit,Summer
647,2024-03-15,Pineapple,Fruit,Summer
648,2024-04-29,Tomato,Vegetable,Summer
648,2024-04-29,Ginger,Vegetable,All
648,2024-04-29,Garlic,Vegetable,All
649,2024-04-04,Coriander,Vegetable,All
649,2024-04-04,Ladyfinger,Vegetable,Summer
649,2024-04-04,Garlic,Vegetable,All
649,2024-04-04,Onion,Vegetable,All
650,2024-05-15,Watermelon,Fruit,Summer
650,2024-05-15,Mango,Fruit,Summer
650,2024-05-15,Pineapple,Fruit,Summer
651,2024-04-19,Muskmelon,Fruit,Summer
651,2024-04-19,Capsicum,Vegetable,Summer
651,2024-04-19,Pineapple,Fruit,Summer
651,2024-04-19,Potato,Vegetable,All
651,2024-04-19,Ladyfinger,Vegetable,Summer
652,2024-02-28,Green Peas,Vegetable,Winter
652,2024-02-28,Guava,Fruit,Winter
652,2024-02-28,Onion,Vegetable,All
652,2024-02-28,Beetroot,Vegetable,Winter
653,2024-04-01,Ginger,Vegetable,All
653,2024-04-01,Ladyfinger,Vegetable,Summer
653,2024-04-01,Muskmelon,Fruit,Summer
653,2024-04-01,Tomato,Vegetable,Summer
654,2024-09-27,Brinjal,Vegetable,Rainy
654,2024-09-27,Pumpkin,Vegetable,Rainy
655,2024-03-19,Coriander,Vegetable,All
655,2024-03-19,Capsicum,Vegetable,Summer
655,2024-03-19,Mango,Fruit,Summer
656,2024-10-01,Garlic,Vegetable,All
656,2024-10-01,Potato,Vegetable,All
656,2024-10-01,Onion,Vegetable,All
656,2024-10-01,Coriander,Vegetable,All
657,2024-11-23,Cabbage,Vegetable,Winter
657,2024-11-23,Potato,Vegetable,All
657,2024-11-23,Onion,Vegetable,All
657,2024-11-23,Ginger,Vegetable,All
658,2024-06-09,Watermelon,Fruit,Summer
658,2024-06-09,Tomato,Vegetable,Summer
658,2024-06-09,Potato,Vegetable,All
658,2024-06-09,Papaya,Fruit,Summer
658,2024-06-09,Ladyfinger,Vegetable,Summer
659,2024-05-01,Ginger,Vegetable,All
659,2024-05-01,Pineapple,Fruit,Summer
660,2024-05-16,Mango,Fruit,Summer
660,2024-05-16,Ginger,Vegetable,All
660,2024-05-16,Onion,Vegetable,All
660,2024-05-16,Coriander,Vegetable,All
661,2024-06-24,Potato,Vegetable,All
661,2024-06-24,Muskmelon,Fruit,Summer
661,2024-06-24,Coriander,Vegetable,All
661,2024-06-24,Tomato,Vegetable,Summer
661,2024-06-24,Watermelon,Fruit,Summer
662,2024-07-29,Potato,Vegetable,All
662,2024-07-29,Onion,Vegetable,All
662,2024-07-29,Radish,Vegetable,Rainy
662,2024-07-29,Brinjal,Vegetable,Rainy
662,2024-07-29,Ginger,Vegetable,All
663,2024-11-06,Guava,Fruit,Winter
663,2024-11-06,Spinach,Vegetable,Winter
663,2024-11-06,Carrot,Vegetable,Winter
664,2024-08-05,Coriander,Vegetable,All
664,2024-08-05,Garlic,Vegetable,All
664,2024-08-05,Ginger,Vegetable,All
665,2024-07-11,Ginger,Vegetable,All
665,2024-07-11,Garlic,Vegetable,All
666,2024-01-31,Guava,Fruit,Winter
666,2024-01-31,Garlic,Vegetable,All
667,2024-04-26,Potato,Vegetable,All
667,2024-04-26,Watermelon,Fruit,Summer
667,2024-04-26,Papaya,Fruit,Summer
667,2024-04-26,Mango,Fruit,Summer
667,2024-04-26,Ladyfinger,Vegetable,Summer
668,2024-10-09,Garlic,Vegetable,All
668,2024-10-09,Potato,Vegetable,All
669,2024-04-29,Capsicum,Vegetable,Summer
669,2024-04-29,Tomato,Vegetable,Summer
669,2024-04-29,Garlic,Vegetable,All
669,2024-04-29,Onion,Vegetable,All
670,2024-12-12,Spinach,Vegetable,Winter
670,2024-12-12,Potato,Vegetable,All
671,2024-10-31,Potato,Vegetable,All
671,2024-10-31,Ginger,Vegetable,All
671,2024-10-31,Coriander,Vegetable,All
671,2024-10-31,Garlic,Vegetable,All
672,2024-05-30,Papaya,Fruit,Summer
672,2024-05-30,Coriander,Vegetable,All
672,2024-05-30,Ginger,Vegetable,All
672,2024-05-30,Watermelon,Fruit,Summer
673,2024-01-28,Garlic,Vegetable,All
673,2024-01-28,Coriander,Vegetable,All
673,2024-01-28,Cabbage,Vegetable,Winter
673,2024-01-28,Spinach,Vegetable,Winter
673,2024-01-28,Onion,Vegetable,All
674,2024-08-12,Potato,Vegetable,All
674,2024-08-12,Pumpkin,Vegetable,Rainy
675,2024-07-22,Brinjal,Vegetable,Rainy
675,2024-07-22,Ginger,Vegetable,All
676,2024-10-20,Ginger,Vegetable,All
676,2024-10-20,Onion,Vegetable,All
677,2024-01-13,Apple,Fruit,Winter
677,2024-01-13,Onion,Vegetable,All
677,2024-01-13,Carrot,Vegetable,Winter
677,2024-01-13,Garlic,Vegetable,All
677,2024-01-13,Spinach,Vegetable,Winter
678,2024-01-07,Apple,Fruit,Winter
678,2024-01-07,Onion,Vegetable,All
678,2024-01-07,Ginger,Vegetable,All
679,2024-05-21,Garlic,Vegetable,All
679,2024-05-21,Mango,Fruit,Summer
680,2024-05-28,Mango,Fruit,Summer
680,2024-05-28,Coriander,Vegetable,All
680,2024-05-28,Pineapple,Fruit,Summer
680,2024-05-28,Onion,Vegetable,All
680,2024-05-28,Ladyfinger,Vegetable,Summer
681,2024-05-05,Coriander,Vegetable,All
681,2024-05-05,Garlic,Vegetable,All
681,2024-05-05,Tomato,Vegetable,Summer
682,2024-03-30,Coriander,Vegetable,All
682,2024-03-30,Pineapple,Fruit,Summer
682,2024-03-30,Ginger,Vegetable,All
682,2024-03-30,Onion,Vegetable,All
683,2024-11-03,Cauliflower,Vegetable,Winter
683,2024-11-03,Green Peas,Vegetable,Winter
683,2024-11-03,Spinach,Vegetable,Winter
683,2024-11-03,Ginger,Vegetable,All
684,2024-11-14,Ginger,Vegetable,All
684,2024-11-14,Beetroot,Vegetable,Winter
684,2024-11-14,Garlic,Vegetable,All
684,2024-11-14,Apple,Fruit,Winter
685,2024-06-01,Papaya,Fruit,Summer
685,2024-06-01,Watermelon,Fruit,Summer
685,2024-06-01,Capsicum,Vegetable,Summer
686,2024-02-13,Beetroot,Vegetable,Winter
686,2024-02-13,Guava,Fruit,Winter
686,2024-02-13,Cabbage,Vegetable,Winter
686,2024-02-13,Coriander,Vegetable,All
687,2024-04-25,Potato,Vegetable,All
687,2024-04-25,Watermelon,Fruit,Summer
687,2024-04-25,Mango,Fruit,Summer
687,2024-04-25,Ginger,Vegetable,All
687,2024-04-25,Muskmelon,Fruit,Summer
688,2024-12-03,Ginger,Vegetable,All
688,2024-12-03,Potato,Vegetable,All
688,2024-12-03,Spinach,Vegetable,Winter
688,2024-12-03,Coriander,Vegetable,All
688,2024-12-03,Beetroot,Vegetable,Winter
689,2024-07-16,Banana,Fruit,Rainy
689,2024-07-16,Brinjal,Vegetable,Rainy
689,2024-07-16,Onion,Vegetable,All
690,2024-05-05,Ladyfinger,Vegetable,Summer
690,2024-05-05,Garlic,Vegetable,All
690,2024-05-05,Papaya,Fruit,Summer
691,2024-08-15,Chilli,Vegetable,Rainy
691,2024-08-15,Coriander,Vegetable,All
692,2024-10-13,Coriander,Vegetable,All
692,2024-10-13,Garlic,Vegetable,All
693,2024-08-03,Banana,Fruit,Rainy
693,2024-08-03,Brinjal,Vegetable,Rainy
693,2024-08-03,Chilli,Vegetable,Rainy
694,2024-08-15,Chilli,Vegetable,Rainy
694,2024-08-15,Radish,Vegetable,Rainy
695,2024-12-23,Spinach,Vegetable,Winter
695,2024-12-23,Cabbage,Vegetable,Winter
695,2024-12-23,Ginger,Vegetable,All
696,2024-06-05,Muskmelon,Fruit,Summer
696,2024-06-05,Ginger,Vegetable,All
696,2024-06-05,Pineapple,Fruit,Summer
697,2024-08-25,Chilli,Vegetable,Rainy
697,2024-08-25,Coriander,Vegetable,All
697,2024-08-25,Pumpkin,Vegetable,Rainy
697,2024-08-25,Banana,Fruit,Rainy
697,2024-08-25,Potato,Vegetable,All
698,2024-02-21,Garlic,Vegetable,All
698,2024-02-21,Apple,Fruit,Winter
699,2024-05-20,Ladyfinger,Vegetable,Summer
699,2024-05-20,Coriander,Vegetable,All
699,2024-05-20,Mango,Fruit,Summer
700,2024-11-23,Apple,Fruit,Winter
700,2024-11-23,Beetroot,Vegetable,Winter
700,2024-11-23,Guava,Fruit,Winter
700,2024-11-23,Potato,Vegetable,All
700,2024-11-23,Carrot,Vegetable,Winter
701,2024-11-11,Spinach,Vegetable,Winter
701,2024-11-11,Guava,Fruit,Winter
701,2024-11-11,Apple,Fruit,Winter
701,2024-11-11,Garlic,Vegetable,All
702,2024-05-15,Coriander,Vegetable,All
702,2024-05-15,Potato,Vegetable,All
702,2024-05-15,Papaya,Fruit,Summer
702,2024-05-15,Garlic,Vegetable,All
702,2024-05-15,Muskmelon,Fruit,Summer
703,2024-01-22,Onion,Vegetable,All
703,2024-01-22,Ginger,Vegetable,All
704,2024-12-08,Spinach,Vegetable,Winter
704,2024-12-08,Potato,Vegetable,All
705,2024-09-11,Onion,Vegetable,All
705,2024-09-11,Pumpkin,Vegetable,Rainy
705,2024-09-11,Banana,Fruit,Rainy
706,2024-09-29,Radish,Vegetable,Rainy
706,2024-09-29,Chilli,Vegetable,Rainy
707,2024-06-04,Capsicum,Vegetable,Summer
707,2024-06-04,Watermelon,Fruit,Summer
708,2024-03-08,Onion,Vegetable,All
708,2024-03-08,Papaya,Fruit,Summer
709,2024-05-12,Pineapple,Fruit,Summer
709,2024-05-12,Onion,Vegetable,All
709,2024-05-12,Potato,Vegetable,All
710,2024-06-28,Ladyfinger,Vegetable,Summer
710,2024-06-28,Ginger,Vegetable,All
710,2024-06-28,Tomato,Vegetable,Summer
710,2024-06-28,Muskmelon,Fruit,Summer
711,2024-04-11,Muskmelon,Fruit,Summer
711,2024-04-11,Mango,Fruit,Summer
711,2024-04-11,Capsicum,Vegetable,Summer
712,2024-07-19,Potato,Vegetable,All
712,2024-07-19,Garlic,Vegetable,All
712,2024-07-19,Coriander,Vegetable,All
712,2024-07-19,Chilli,Vegetable,Rainy
713,2024-04-10,Mango,Fruit,Summer
713,2024-04-10,Papaya,Fruit,Summer
713,2024-04-10,Capsicum,Vegetable,Summer
714,2024-05-24,Ladyfinger,Vegetable,Summer
714,2024-05-24,Ginger,Vegetable,All
714,2024-05-24,Coriander,Vegetable,All
714,2024-05-24,Pineapple,Fruit,Summer
715,2024-02-02,Guava,Fruit,Winter
715,2024-02-02,Cabbage,Vegetable,Winter
715,2024-02-02,Coriander,Vegetable,All
715,2024-02-02,Apple,Fruit,Winter
716,2024-01-29,Apple,Fruit,Winter
716,2024-01-29,Guava,Fruit,Winter
716,2024-01-29,Ginger,Vegetable,All
717,2024-12-13,Green Peas,Vegetable,Winter
717,2024-12-13,Coriander,Vegetable,All
718,2024-03-12,Ladyfinger,Vegetable,Summer
718,2024-03-12,Onion,Vegetable,All
718,2024-03-12,Watermelon,Fruit,Summer
719,2024-04-23,Onion,Vegetable,All
719,2024-04-23,Ginger,Vegetable,All
719,2024-04-23,Papaya,Fruit,Summer
719,2024-04-23,Capsicum,Vegetable,Summer
719,2024-04-23,Garlic,Vegetable,All
720,2024-12-12,Beetroot,Vegetable,Winter
720,2024-12-12,Coriander,Vegetable,All
720,2024-12-12,Cauliflower,Vegetable,Winter
721,2024-03-13,Capsicum,Vegetable,Summer
721,2024-03-13,Onion,Vegetable,All
721,2024-03-13,Mango,Fruit,Summer
722,2024-01-24,Apple,Fruit,Winter
722,2024-01-24,Garlic,Vegetable,All
722,2024-01-24,Coriander,Vegetable,All
722,2024-01-24,Ginger,Vegetable,All
722,2024-01-24,Guava,Fruit,Winter
723,2024-02-15,Garlic,Vegetable,All
723,2024-02-15,Green Peas,Vegetable,Winter
723,2024-02-15,Carrot,Vegetable,Winter
724,2024-08-29,Bottle Gourd,Vegetable,Rainy
724,2024-08-29,Ginger,Vegetable,All
724,2024-08-29,Potato,Vegetable,All
725,2024-04-27,Papaya,Fruit,Summer
725,2024-04-27,Watermelon,Fruit,Summer
726,2024-11-12,Green Peas,Vegetable,Winter
726,2024-11-12,Cauliflower,Vegetable,Winter
727,2024-03-19,Onion,Vegetable,All
727,2024-03-19,Ladyfinger,Vegetable,Summer
728,2024-08-28,Onion,Vegetable,All
728,2024-08-28,Potato,Vegetable,All
729,2024-12-08,Beetroot,Vegetable,Winter
729,2024-12-08,Onion,Vegetable,All
730,2024-03-13,Potato,Vegetable,All
730,2024-03-13,Coriander,Vegetable,All
731,2024-07-02,Pumpkin,Vegetable,Rainy
731,2024-07-02,Bottle Gourd,Vegetable,Rainy
732,2024-12-10,Garlic,Vegetable,All
732,2024-12-10,Cabbage,Vegetable,Winter
733,2024-03-29,Tomato,Vegetable,Summer
733,2024-03-29,Watermelon,Fruit,Summer
733,2024-03-29,Ginger,Vegetable,All
733,2024-03-29,Garlic,Vegetable,All
734,2024-12-18,Cabbage,Vegetable,Winter
734,2024-12-18,Apple,Fruit,Winter
734,2024-12-18,Cauliflower,Vegetable,Winter
735,2024-04-25,Onion,Vegetable,All
735,2024-04-25,Garlic,Vegetable,All
735,2024-04-25,Ladyfinger,Vegetable,Summer
736,2024-05-13,Capsicum,Vegetable,Summer
736,2024-05-13,Mango,Fruit,Summer
736,2024-05-13,Potato,Vegetable,All
737,2024-09-26,Ginger,Vegetable,All
737,2024-09-26,Bottle Gourd,Vegetable,Rainy
737,2024-09-26,Banana,Fruit,Rainy
737,2024-09-26,Brinjal,Vegetable,Rainy
738,2024-06-07,Tomato,Vegetable,Summer
738,2024-06-07,Pineapple,Fruit,Summer
738,2024-06-07,Capsicum,Vegetable,Summer
738,2024-06-07,Papaya,Fruit,Summer
738,2024-06-07,Watermelon,Fruit,Summer
739,2024-02-25,Ginger,Vegetable,All
739,2024-02-25,Spinach,Vegetable,Winter
739,2024-02-25,Beetroot,Vegetable,Winter
739,2024-02-25,Apple,Fruit,Winter
740,2024-07-05,Radish,Vegetable,Rainy
740,2024-07-05,Coriander,Vegetable,All
741,2024-06-28,Capsicum,Vegetable,Summer
741,2024-06-28,Pineapple,Fruit,Summer
741,2024-06-28,Coriander,Vegetable,All
742,2024-01-21,Carrot,Vegetable,Winter
742,2024-01-21,Spinach,Vegetable,Winter
742,2024-01-21,Green Peas,Vegetable,Winter
742,2024-01-21,Cabbage,Vegetable,Winter
743,2024-01-22,Carrot,Vegetable,Winter
743,2024-01-22,Onion,Vegetable,All
743,2024-01-22,Coriander,Vegetable,All
743,2024-01-22,Cauliflower,Vegetable,Winter
744,2024-07-04,Onion,Vegetable,All
744,2024-07-04,Banana,Fruit,Rainy
745,2024-08-03,Onion,Vegetable,All
745,2024-08-03,Garlic,Vegetable,All
745,2024-08-03,Coriander,Vegetable,All
746,2024-04-02,Muskmelon,Fruit,Summer
746,2024-04-02,Coriander,Vegetable,All
746,2024-04-02,Ginger,Vegetable,All
747,2024-09-30,Pumpkin,Vegetable,Rainy
747,2024-09-30,Onion,Vegetable,All
748,2024-12-27,Green Peas,Vegetable,Winter
748,2024-12-27,Garlic,Vegetable,All
748,2024-12-27,Beetroot,Vegetable,Winter
748,2024-12-27,Spinach,Vegetable,Winter
748,2024-12-27,Cauliflower,Vegetable,Winter
749,2024-04-17,Pineapple,Fruit,Summer
749,2024-04-17,Onion,Vegetable,All
749,2024-04-17,Tomato,Vegetable,Summer
749,2024-04-17,Garlic,Vegetable,All
749,2024-04-17,Muskmelon,Fruit,Summer
750,2024-07-28,Onion,Vegetable,All
750,2024-07-28,Pumpkin,Vegetable,Rainy
750,2024-07-28,Coriander,Vegetable,All
751,2024-04-01,Garlic,Vegetable,All
751,2024-04-01,Mango,Fruit,Summer
751,2024-04-01,Muskmelon,Fruit,Summer
752,2024-10-09,Ginger,Vegetable,All
752,2024-10-09,Onion,Vegetable,All
753,2024-02-13,Coriander,Vegetable,All
753,2024-02-13,Apple,Fruit,Winter
753,2024-02-13,Cabbage,Vegetable,Winter
754,2024-11-09,Carrot,Vegetable,Winter
754,2024-11-09,Beetroot,Vegetable,Winter
754,2024-11-09,Coriander,Vegetable,All
755,2024-11-17,Green Peas,Vegetable,Winter
755,2024-11-17,Coriander,Vegetable,All
755,2024-11-17,Garlic,Vegetable,All
755,2024-11-17,Apple,Fruit,Winter
756,2024-09-14,Onion,Vegetable,All
756,2024-09-14,Radish,Vegetable,Rainy
757,2024-02-11,Carrot,Vegetable,Winter
757,2024-02-11,Ginger,Vegetable,All
757,2024-02-11,Apple,Fruit,Winter
757,2024-02-11,Garlic,Vegetable,All
757,2024-02-11,Guava,Fruit,Winter
758,2024-07-29,Coriander,Vegetable,All
758,2024-07-29,Ginger,Vegetable,All
758,2024-07-29,Radish,Vegetable,Rainy
758,2024-07-29,Chilli,Vegetable,Rainy
759,2024-12-03,Green Peas,Vegetable,Winter
759,2024-12-03,Carrot,Vegetable,Winter
759,2024-12-03,Apple,Fruit,Winter
760,2024-01-07,Cauliflower,Vegetable,Winter
760,2024-01-07,Green Peas,Vegetable,Winter
760,2024-01-07,Coriander,Vegetable,All
760,2024-01-07,Ginger,Vegetable,All
760,2024-01-07,Spinach,Vegetable,Winter
761,2024-12-07,Cauliflower,Vegetable,Winter
761,2024-12-07,Spinach,Vegetable,Winter
761,2024-12-07,Guava,Fruit,Winter
761,2024-12-07,Garlic,Vegetable,All
762,2024-04-09,Onion,Vegetable,All
762,2024-04-09,Ginger,Vegetable,All
762,2024-04-09,Mango,Fruit,Summer
762,2024-04-09,Potato,Vegetable,All
762,2024-04-09,Capsicum,Vegetable,Summer
763,2024-08-23,Brinjal,Vegetable,Rainy
763,2024-08-23,Onion,Vegetable,All
763,2024-08-23,Coriander,Vegetable,All
764,2024-02-21,Cabbage,Vegetable,Winter
764,2024-02-21,Cauliflower,Vegetable,Winter
765,2024-07-14,Garlic,Vegetable,All
765,2024-07-14,Pumpkin,Vegetable,Rainy
766,2024-02-02,Garlic,Vegetable,All
766,2024-02-02,Green Peas,Vegetable,Winter
767,2024-05-25,Mango,Fruit,Summer
767,2024-05-25,Papaya,Fruit,Summer
767,2024-05-25,Ladyfinger,Vegetable,Summer
767,2024-05-25,Coriander,Vegetable,All
767,2024-05-25,Garlic,Vegetable,All
768,2024-08-22,Garlic,Vegetable,All
768,2024-08-22,Chilli,Vegetable,Rainy
768,2024-08-22,Bottle Gourd,Vegetable,Rainy
768,2024-08-22,Brinjal,Vegetable,Rainy
769,2024-02-03,Onion,Vegetable,All
769,2024-02-03,Green Peas,Vegetable,Winter
770,2024-07-13,Onion,Vegetable,All
770,2024-07-13,Ginger,Vegetable,All
770,2024-07-13,Pumpkin,Vegetable,Rainy
770,2024-07-13,Garlic,Vegetable,All
770,2024-07-13,Bottle Gourd,Vegetable,Rainy
771,2024-11-21,Guava,Fruit,Winter
771,2024-11-21,Garlic,Vegetable,All
771,2024-11-21,Potato,Vegetable,All
772,2024-01-19,Spinach,Vegetable,Winter
772,2024-01-19,Onion,Vegetable,All
772,2024-01-19,Cabbage,Vegetable,Winter
772,2024-01-19,Beetroot,Vegetable,Winter
773,2024-09-13,Onion,Vegetable,All
773,2024-09-13,Chilli,Vegetable,Rainy
773,2024-09-13,Potato,Vegetable,All
773,2024-09-13,Banana,Fruit,Rainy
773,2024-09-13,Brinjal,Vegetable,Rainy
774,2024-01-20,Cauliflower,Vegetable,Winter
774,2024-01-20,Ginger,Vegetable,All
774,2024-01-20,Apple,Fruit,Winter
774,2024-01-20,Green Peas,Vegetable,Winter
774,2024-01-20,Potato,Vegetable,All
775,2024-12-03,Spinach,Vegetable,Winter
775,2024-12-03,Garlic,Vegetable,All
775,2024-12-03,Onion,Vegetable,All
775,2024-12-03,Green Peas,Vegetable,Winter
775,2024-12-03,Cabbage,Vegetable,Winter
776,2024-11-03,Green Peas,Vegetable,Winter
776,2024-11-03,Cabbage,Vegetable,Winter
776,2024-11-03,Beetroot,Vegetable,Winter
777,2024-04-15,Garlic,Vegetable,All
777,2024-04-15,Coriander,Vegetable,All
777,2024-04-15,Tomato,Vegetable,Summer
777,2024-04-15,Papaya,Fruit,Summer
778,2024-01-10,Coriander,Vegetable,All
778,2024-01-10,Onion,Vegetable,All
778,2024-01-10,Carrot,Vegetable,Winter
778,2024-01-10,Potato,Vegetable,All
779,2024-06-01,Pineapple,Fruit,Summer
779,2024-06-01,Onion,Vegetable,All
779,2024-06-01,Muskmelon,Fruit,Summer
780,2024-04-01,Ginger,Vegetable,All
780,2024-04-01,Muskmelon,Fruit,Summer
781,2024-05-12,Onion,Vegetable,All
781,2024-05-12,Capsicum,Vegetable,Summer
781,2024-05-12,Watermelon,Fruit,Summer
781,2024-05-12,Potato,Vegetable,All
781,2024-05-12,Papaya,Fruit,Summer
782,2024-08-28,Garlic,Vegetable,All
782,2024-08-28,Coriander,Vegetable,All
782,2024-08-28,Chilli,Vegetable,Rainy
782,2024-08-28,Radish,Vegetable,Rainy
783,2024-06-17,Mango,Fruit,Summer
783,2024-06-17,Pineapple,Fruit,Summer
783,2024-06-17,Watermelon,Fruit,Summer
784,2024-04-29,Papaya,Fruit,Summer
784,2024-04-29,Tomato,Vegetable,Summer
784,2024-04-29,Capsicum,Vegetable,Summer
784,2024-04-29,Potato,Vegetable,All
785,2024-12-30,Cauliflower,Vegetable,Winter
785,2024-12-30,Coriander,Vegetable,All
785,2024-12-30,Onion,Vegetable,All
786,2024-01-06,Coriander,Vegetable,All
786,2024-01-06,Garlic,Vegetable,All
787,2024-05-31,Muskmelon,Fruit,Summer
787,2024-05-31,Mango,Fruit,Summer
787,2024-05-31,Watermelon,Fruit,Summer
788,2024-02-11,Garlic,Vegetable,All
788,2024-02-11,Onion,Vegetable,All
789,2024-02-22,Onion,Vegetable,All
789,2024-02-22,Green Peas,Vegetable,Winter
790,2024-02-16,Cauliflower,Vegetable,Winter
790,2024-02-16,Potato,Vegetable,All
791,2024-01-26,Coriander,Vegetable,All
791,2024-01-26,Ginger,Vegetable,All
791,2024-01-26,Beetroot,Vegetable,Winter
791,2024-01-26,Cabbage,Vegetable,Winter
792,2024-10-28,Onion,Vegetable,All
792,2024-10-28,Potato,Vegetable,All
792,2024-10-28,Garlic,Vegetable,All
793,2024-03-29,Watermelon,Fruit,Summer
793,2024-03-29,Ginger,Vegetable,All
793,2024-03-29,Capsicum,Vegetable,Summer
794,2024-04-07,Muskmelon,Fruit,Summer
794,2024-04-07,Tomato,Vegetable,Summer
794,2024-04-07,Ginger,Vegetable,All
794,2024-04-07,Ladyfinger,Vegetable,Summer
794,2024-04-07,Coriander,Vegetable,All
795,2024-11-13,Spinach,Vegetable,Winter
795,2024-11-13,Apple,Fruit,Winter
796,2024-10-15,Potato,Vegetable,All
796,2024-10-15,Onion,Vegetable,All
796,2024-10-15,Coriander,Vegetable,All
797,2024-10-22,Potato,Vegetable,All
797,2024-10-22,Coriander,Vegetable,All
797,2024-10-22,Garlic,Vegetable,All
797,2024-10-22,Onion,Vegetable,All
797,2024-10-22,Ginger,Vegetable,All
798,2024-03-31,Watermelon,Fruit,Summer
798,2024-03-31,Onion,Vegetable,All
798,2024-03-31,Potato,Vegetable,All
798,2024-03-31,Pineapple,Fruit,Summer
799,2024-05-21,Papaya,Fruit,Summer
799,2024-05-21,Potato,Vegetable,All
799,2024-05-21,Ladyfinger,Vegetable,Summer
800,2024-10-06,Garlic,Vegetable,All
800,2024-10-06,Ginger,Vegetable,All
800,2024-10-06,Coriander,Vegetable,All
800,2024-10-06,Onion,Vegetable,All
800,2024-10-06,Potato,Vegetable,All
801,2024-11-17,Apple,Fruit,Winter
801,2024-11-17,Cabbage,Vegetable,Winter
801,2024-11-17,Green Peas,Vegetable,Winter
802,2024-03-26,Coriander,Vegetable,All
802,2024-03-26,Garlic,Vegetable,All
802,2024-03-26,Tomato,Vegetable,Summer
803,2024-09-29,Banana,Fruit,Rainy
803,2024-09-29,Coriander,Vegetable,All
803,2024-09-29,Bottle Gourd,Vegetable,Rainy
803,2024-09-29,Brinjal,Vegetable,Rainy
804,2024-07-17,Pumpkin,Vegetable,Rainy
804,2024-07-17,Onion,Vegetable,All
805,2024-10-30,Onion,Vegetable,All
805,2024-10-30,Coriander,Vegetable,All
805,2024-10-30,Garlic,Vegetable,All
805,2024-10-30,Potato,Vegetable,All
806,2024-03-01,Potato,Vegetable,All
806,2024-03-01,Onion,Vegetable,All
806,2024-03-01,Pineapple,Fruit,Summer
806,2024-03-01,Coriander,Vegetable,All
807,2024-09-06,Garlic,Vegetable,All
807,2024-09-06,Onion,Vegetable,All
807,2024-09-06,Potato,Vegetable,All
807,2024-09-06,Pumpkin,Vegetable,Rainy
807,2024-09-06,Radish,Vegetable,Rainy
808,2024-11-21,Coriander,Vegetable,All
808,2024-11-21,Potato,Vegetable,All
808,2024-11-21,Apple,Fruit,Winter
808,2024-11-21,Beetroot,Vegetable,Winter
808,2024-11-21,Carrot,Vegetable,Winter
809,2024-09-25,Brinjal,Vegetable,Rainy
809,2024-09-25,Radish,Vegetable,Rainy
809,2024-09-25,Onion,Vegetable,All
810,2024-12-30,Potato,Vegetable,All
810,2024-12-30,Cabbage,Vegetable,Winter
810,2024-12-30,Onion,Vegetable,All
810,2024-12-30,Carrot,Vegetable,Winter
811,2024-07-05,Garlic,Vegetable,All
811,2024-07-05,Onion,Vegetable,All
811,2024-07-05,Ginger,Vegetable,All
811,2024-07-05,Brinjal,Vegetable,Rainy
812,2024-04-24,Coriander,Vegetable,All
812,2024-04-24,Ginger,Vegetable,All
812,2024-04-24,Garlic,Vegetable,All
812,2024-04-24,Tomato,Vegetable,Summer
812,2024-04-24,Pineapple,Fruit,Summer
813,2024-12-13,Beetroot,Vegetable,Winter
813,2024-12-13,Spinach,Vegetable,Winter
813,2024-12-13,Cauliflower,Vegetable,Winter
813,2024-12-13,Ginger,Vegetable,All
814,2024-11-01,Spinach,Vegetable,Winter
814,2024-11-01,Onion,Vegetable,All
815,2024-06-16,Coriander,Vegetable,All
815,2024-06-16,Pineapple,Fruit,Summer
816,2024-12-08,Green Peas,Vegetable,Winter
816,2024-12-08,Garlic,Vegetable,All
816,2024-12-08,Guava,Fruit,Winter
816,2024-12-08,Onion,Vegetable,All
817,2024-03-21,Ladyfinger,Vegetable,Summer
817,2024-03-21,Coriander,Vegetable,All
817,2024-03-21,Pineapple,Fruit,Summer
817,2024-03-21,Ginger,Vegetable,All
818,2024-11-24,Onion,Vegetable,All
818,2024-11-24,Carrot,Vegetable,Winter
818,2024-11-24,Green Peas,Vegetable,Winter
819,2024-09-22,Onion,Vegetable,All
819,2024-09-22,Bottle Gourd,Vegetable,Rainy
819,2024-09-22,Brinjal,Vegetable,Rainy
819,2024-09-22,Pumpkin,Vegetable,Rainy
819,2024-09-22,Banana,Fruit,Rainy
820,2024-01-31,Ginger,Vegetable,All
820,2024-01-31,Cabbage,Vegetable,Winter
821,2024-09-28,Ginger,Vegetable,All
821,2024-09-28,Garlic,Vegetable,All
821,2024-09-28,Potato,Vegetable,All
821,2024-09-28,Coriander,Vegetable,All
822,2024-09-20,Ginger,Vegetable,All
822,2024-09-20,Potato,Vegetable,All
822,2024-09-20,Banana,Fruit,Rainy
823,2024-07-05,Ginger,Vegetable,All
823,2024-07-05,Chilli,Vegetable,Rainy
823,2024-07-05,Coriander,Vegetable,All
824,2024-11-06,Guava,Fruit,Winter
824,2024-11-06,Potato,Vegetable,All
824,2024-11-06,Apple,Fruit,Winter
824,2024-11-06,Onion,Vegetable,All
825,2024-11-19,Potato,Vegetable,All
825,2024-11-19,Carrot,Vegetable,Winter
826,2024-05-02,Papaya,Fruit,Summer
826,2024-05-02,Garlic,Vegetable,All
826,2024-05-02,Capsicum,Vegetable,Summer
827,2024-09-18,Bottle Gourd,Vegetable,Rainy
827,2024-09-18,Onion,Vegetable,All
828,2024-07-05,Onion,Vegetable,All
828,2024-07-05,Bottle Gourd,Vegetable,Rainy
829,2024-08-02,Garlic,Vegetable,All
829,2024-08-02,Onion,Vegetable,All
830,2024-06-11,Watermelon,Fruit,Summer
830,2024-06-11,Papaya,Fruit,Summer
830,2024-06-11,Potato,Vegetable,All
830,2024-06-11,Ginger,Vegetable,All
831,2024-02-08,Coriander,Vegetable,All
831,2024-02-08,Garlic,Vegetable,All
832,2024-11-11,Cauliflower,Vegetable,Winter
832,2024-11-11,Apple,Fruit,Winter
833,2024-03-18,Papaya,Fruit,Summer
833,2024-03-18,Ginger,Vegetable,All
833,2024-03-18,Muskmelon,Fruit,Summer
833,2024-03-18,Mango,Fruit,Summer
833,2024-03-18,Coriander,Vegetable,All
834,2024-05-23,Pineapple,Fruit,Summer
834,2024-05-23,Ginger,Vegetable,All
835,2024-07-15,Pumpkin,Vegetable,Rainy
835,2024-07-15,Brinjal,Vegetable,Rainy
836,2024-04-07,Papaya,Fruit,Summer
836,2024-04-07,Coriander,Vegetable,All
836,2024-04-07,Tomato,Vegetable,Summer
837,2024-12-07,Beetroot,Vegetable,Winter
837,2024-12-07,Cabbage,Vegetable,Winter
837,2024-12-07,Garlic,Vegetable,All
837,2024-12-07,Potato,Vegetable,All
838,2024-09-01,Onion,Vegetable,All
838,2024-09-01,Pumpkin,Vegetable,Rainy
838,2024-09-01,Coriander,Vegetable,All
838,2024-09-01,Potato,Vegetable,All
839,2024-08-29,Garlic,Vegetable,All
839,2024-08-29,Coriander,Vegetable,All
839,2024-08-29,Bottle Gourd,Vegetable,Rainy
839,2024-08-29,Chilli,Vegetable,Rainy
840,2024-10-23,Ginger,Vegetable,All
840,2024-10-23,Coriander,Vegetable,All
841,2024-03-07,Coriander,Vegetable,All
841,2024-03-07,Ginger,Vegetable,All
841,2024-03-07,Ladyfinger,Vegetable,Summer
841,2024-03-07,Garlic,Vegetable,All
842,2024-07-23,Potato,Vegetable,All
842,2024-07-23,Garlic,Vegetable,All
842,2024-07-23,Pumpkin,Vegetable,Rainy
842,2024-07-23,Ginger,Vegetable,All
842,2024-07-23,Brinjal,Vegetable,Rainy
843,2024-03-14,Garlic,Vegetable,All
843,2024-03-14,Pineapple,Fruit,Summer
844,2024-09-16,Chilli,Vegetable,Rainy
844,2024-09-16,Coriander,Vegetable,All
844,2024-09-16,Brinjal,Vegetable,Rainy
844,2024-09-16,Radish,Vegetable,Rainy
844,2024-09-16,Potato,Vegetable,All
845,2024-11-21,Guava,Fruit,Winter
845,2024-11-21,Green Peas,Vegetable,Winter
845,2024-11-21,Onion,Vegetable,All
846,2024-02-07,Carrot,Vegetable,Winter
846,2024-02-07,Spinach,Vegetable,Winter
847,2024-02-28,Carrot,Vegetable,Winter
847,2024-02-28,Beetroot,Vegetable,Winter
847,2024-02-28,Ginger,Vegetable,All
848,2024-08-06,Ginger,Vegetable,All
848,2024-08-06,Coriander,Vegetable,All
848,2024-08-06,Radish,Vegetable,Rainy
848,2024-08-06,Chilli,Vegetable,Rainy
849,2024-07-06,Ginger,Vegetable,All
849,2024-07-06,Pumpkin,Vegetable,Rainy
849,2024-07-06,Potato,Vegetable,All
849,2024-07-06,Banana,Fruit,Rainy
849,2024-07-06,Chilli,Vegetable,Rainy
850,2024-02-25,Carrot,Vegetable,Winter
850,2024-02-25,Spinach,Vegetable,Winter
850,2024-02-25,Potato,Vegetable,All
851,2024-11-28,Beetroot,Vegetable,Winter
851,2024-11-28,Green Peas,Vegetable,Winter
851,2024-11-28,Cabbage,Vegetable,Winter
852,2024-07-28,Pumpkin,Vegetable,Rainy
852,2024-07-28,Onion,Vegetable,All
852,2024-07-28,Chilli,Vegetable,Rainy
853,2024-07-18,Radish,Vegetable,Rainy
853,2024-07-18,Banana,Fruit,Rainy
853,2024-07-18,Ginger,Vegetable,All
854,2024-05-19,Ginger,Vegetable,All
854,2024-05-19,Watermelon,Fruit,Summer
854,2024-05-19,Coriander,Vegetable,All
854,2024-05-19,Mango,Fruit,Summer
854,2024-05-19,Tomato,Vegetable,Summer
855,2024-08-24,Bottle Gourd,Vegetable,Rainy
855,2024-08-24,Potato,Vegetable,All
855,2024-08-24,Chilli,Vegetable,Rainy
855,2024-08-24,Pumpkin,Vegetable,Rainy
856,2024-12-01,Potato,Vegetable,All
856,2024-12-01,Onion,Vegetable,All
856,2024-12-01,Beetroot,Vegetable,Winter
856,2024-12-01,Cabbage,Vegetable,Winter
857,2024-04-02,Watermelon,Fruit,Summer
857,2024-04-02,Muskmelon,Fruit,Summer
857,2024-04-02,Ginger,Vegetable,All
858,2024-06-23,Garlic,Vegetable,All
858,2024-06-23,Pineapple,Fruit,Summer
859,2024-08-23,Garlic,Vegetable,All
859,2024-08-23,Potato,Vegetable,All
860,2024-02-20,Ginger,Vegetable,All
860,2024-02-20,Spinach,Vegetable,Winter
860,2024-02-20,Cauliflower,Vegetable,Winter
860,2024-02-20,Onion,Vegetable,All
860,2024-02-20,Potato,Vegetable,All
861,2024-09-07,Potato,Vegetable,All
861,2024-09-07,Brinjal,Vegetable,Rainy
861,2024-09-07,Onion,Vegetable,All
862,2024-09-04,Bottle Gourd,Vegetable,Rainy
862,2024-09-04,Onion,Vegetable,All
862,2024-09-04,Brinjal,Vegetable,Rainy
862,2024-09-04,Banana,Fruit,Rainy
862,2024-09-04,Chilli,Vegetable,Rainy
863,2024-08-18,Chilli,Vegetable,Rainy
863,2024-08-18,Coriander,Vegetable,All
863,2024-08-18,Radish,Vegetable,Rainy
863,2024-08-18,Brinjal,Vegetable,Rainy
863,2024-08-18,Banana,Fruit,Rainy
864,2024-09-07,Potato,Vegetable,All
864,2024-09-07,Banana,Fruit,Rainy
864,2024-09-07,Chilli,Vegetable,Rainy
864,2024-09-07,Brinjal,Vegetable,Rainy
864,2024-09-07,Pumpkin,Vegetable,Rainy
865,2024-01-11,Carrot,Vegetable,Winter
865,2024-01-11,Beetroot,Vegetable,Winter
865,2024-01-11,Spinach,Vegetable,Winter
865,2024-01-11,Cauliflower,Vegetable,Winter
865,2024-01-11,Green Peas,Vegetable,Winter
866,2024-09-15,Garlic,Vegetable,All
866,2024-09-15,Potato,Vegetable,All
866,2024-09-15,Chilli,Vegetable,Rainy
866,2024-09-15,Coriander,Vegetable,All
867,2024-06-03,Watermelon,Fruit,Summer
867,2024-06-03,Onion,Vegetable,All
867,2024-06-03,Garlic,Vegetable,All
868,2024-08-26,Chilli,Vegetable,Rainy
868,2024-08-26,Ginger,Vegetable,All
869,2024-03-20,Garlic,Vegetable,All
869,2024-03-20,Potato,Vegetable,All
869,2024-03-20,Capsicum,Vegetable,Summer
869,2024-03-20,Coriander,Vegetable,All
869,2024-03-20,Pineapple,Fruit,Summer
870,2024-02-11,Carrot,Vegetable,Winter
870,2024-02-11,Cauliflower,Vegetable,Winter
870,2024-02-11,Green Peas,Vegetable,Winter
870,2024-02-11,Potato,Vegetable,All
871,2024-03-09,Tomato,Vegetable,Summer
871,2024-03-09,Capsicum,Vegetable,Summer
871,2024-03-09,Onion,Vegetable,All
871,2024-03-09,Watermelon,Fruit,Summer
871,2024-03-09,Potato,Vegetable,All
872,2024-10-10,Ginger,Vegetable,All
872,2024-10-10,Garlic,Vegetable,All
873,2024-03-01,Garlic,Vegetable,All
873,2024-03-01,Papaya,Fruit,Summer
873,2024-03-01,Mango,Fruit,Summer
873,2024-03-01,Onion,Vegetable,All
874,2024-08-19,Garlic,Vegetable,All
874,2024-08-19,Brinjal,Vegetable,Rainy
874,2024-08-19,Radish,Vegetable,Rainy
874,2024-08-19,Onion,Vegetable,All
875,2024-12-29,Onion,Vegetable,All
875,2024-12-29,Ginger,Vegetable,All
875,2024-12-29,Guava,Fruit,Winter
875,2024-12-29,Coriander,Vegetable,All
875,2024-12-29,Carrot,Vegetable,Winter
876,2024-05-01,Onion,Vegetable,All
876,2024-05-01,Garlic,Vegetable,All
876,2024-05-01,Ginger,Vegetable,All
876,2024-05-01,Capsicum,Vegetable,Summer
877,2024-10-18,Ginger,Vegetable,All
877,2024-10-18,Garlic,Vegetable,All
877,2024-10-18,Coriander,Vegetable,All
878,2024-01-13,Spinach,Vegetable,Winter
878,2024-01-13,Coriander,Vegetable,All
879,2024-05-30,Pineapple,Fruit,Summer
879,2024-05-30,Capsicum,Vegetable,Summer
879,2024-05-30,Mango,Fruit,Summer
880,2024-04-09,Muskmelon,Fruit,Summer
880,2024-04-09,Tomato,Vegetable,Summer
880,2024-04-09,Ladyfinger,Vegetable,Summer
880,2024-04-09,Capsicum,Vegetable,Summer
881,2024-09-21,Chilli,Vegetable,Rainy
881,2024-09-21,Garlic,Vegetable,All
882,2024-04-07,Mango,Fruit,Summer
882,2024-04-07,Tomato,Vegetable,Summer
882,2024-04-07,Capsicum,Vegetable,Summer
883,2024-04-03,Ladyfinger,Vegetable,Summer
883,2024-04-03,Ginger,Vegetable,All
883,2024-04-03,Garlic,Vegetable,All
884,2024-07-28,Brinjal,Vegetable,Rainy
884,2024-07-28,Banana,Fruit,Rainy
884,2024-07-28,Bottle Gourd,Vegetable,Rainy
885,2024-09-05,Brinjal,Vegetable,Rainy
885,2024-09-05,Pumpkin,Vegetable,Rainy
886,2024-07-20,Potato,Vegetable,All
886,2024-07-20,Garlic,Vegetable,All
886,2024-07-20,Banana,Fruit,Rainy
886,2024-07-20,Onion,Vegetable,All
887,2024-07-09,Potato,Vegetable,All
887,2024-07-09,Brinjal,Vegetable,Rainy
888,2024-10-12,Coriander,Vegetable,All
888,2024-10-12,Potato,Vegetable,All
888,2024-10-12,Ginger,Vegetable,All
888,2024-10-12,Onion,Vegetable,All
889,2024-04-21,Potato,Vegetable,All
889,2024-04-21,Watermelon,Fruit,Summer
889,2024-04-21,Onion,Vegetable,All
889,2024-04-21,Capsicum,Vegetable,Summer
890,2024-02-16,Cauliflower,Vegetable,Winter
890,2024-02-16,Spinach,Vegetable,Winter
890,2024-02-16,Apple,Fruit,Winter
891,2024-10-30,Coriander,Vegetable,All
891,2024-10-30,Onion,Vegetable,All
891,2024-10-30,Ginger,Vegetable,All
891,2024-10-30,Potato,Vegetable,All
891,2024-10-30,Garlic,Vegetable,All
892,2024-06-16,Ladyfinger,Vegetable,Summer
892,2024-06-16,Papaya,Fruit,Summer
892,2024-06-16,Pineapple,Fruit,Summer
892,2024-06-16,Watermelon,Fruit,Summer
893,2024-09-11,Pumpkin,Vegetable,Rainy
893,2024-09-11,Ginger,Vegetable,All
893,2024-09-11,Garlic,Vegetable,All
893,2024-09-11,Onion,Vegetable,All
893,2024-09-11,Chilli,Vegetable,Rainy
894,2024-07-19,Chilli,Vegetable,Rainy
894,2024-07-19,Ginger,Vegetable,All
894,2024-07-19,Banana,Fruit,Rainy
894,2024-07-19,Garlic,Vegetable,All
895,2024-07-29,Onion,Vegetable,All
895,2024-07-29,Brinjal,Vegetable,Rainy
895,2024-07-29,Radish,Vegetable,Rainy
895,2024-07-29,Garlic,Vegetable,All
896,2024-11-27,Green Peas,Vegetable,Winter
896,2024-11-27,Garlic,Vegetable,All
897,2024-07-06,Pumpkin,Vegetable,Rainy
897,2024-07-06,Brinjal,Vegetable,Rainy
897,2024-07-06,Coriander,Vegetable,All
897,2024-07-06,Chilli,Vegetable,Rainy
897,2024-07-06,Banana,Fruit,Rainy
898,2024-03-01,Watermelon,Fruit,Summer
898,2024-03-01,Ladyfinger,Vegetable,Summer
898,2024-03-01,Pineapple,Fruit,Summer
898,2024-03-01,Muskmelon,Fruit,Summer
898,2024-03-01,Tomato,Vegetable,Summer
899,2024-07-02,Bottle Gourd,Vegetable,Rainy
899,2024-07-02,Potato,Vegetable,All
899,2024-07-02,Ginger,Vegetable,All
899,2024-07-02,Chilli,Vegetable,Rainy
899,2024-07-02,Garlic,Vegetable,All
900,2024-12-04,Apple,Fruit,Winter
900,2024-12-04,Carrot,Vegetable,Winter
900,2024-12-04,Potato,Vegetable,All
900,2024-12-04,Cauliflower,Vegetable,Winter
901,2024-09-30,Bottle Gourd,Vegetable,Rainy
901,2024-09-30,Banana,Fruit,Rainy
901,2024-09-30,Ginger,Vegetable,All
901,2024-09-30,Brinjal,Vegetable,Rainy
901,2024-09-30,Coriander,Vegetable,All
902,2024-03-16,Garlic,Vegetable,All
902,2024-03-16,Potato,Vegetable,All
902,2024-03-16,Ginger,Vegetable,All
902,2024-03-16,Papaya,Fruit,Summer
903,2024-07-09,Coriander,Vegetable,All
903,2024-07-09,Chilli,Vegetable,Rainy
903,2024-07-09,Brinjal,Vegetable,Rainy
903,2024-07-09,Bottle Gourd,Vegetable,Rainy
904,2024-07-31,Coriander,Vegetable,All
904,2024-07-31,Potato,Vegetable,All
905,2024-11-12,Green Peas,Vegetable,Winter
905,2024-11-12,Ginger,Vegetable,All
905,2024-11-12,Apple,Fruit,Winter
906,2024-11-20,Potato,Vegetable,All
906,2024-11-20,Onion,Vegetable,All
907,2024-02-28,Green Peas,Vegetable,Winter
907,2024-02-28,Guava,Fruit,Winter
907,2024-02-28,Spinach,Vegetable,Winter
907,2024-02-28,Ginger,Vegetable,All
907,2024-02-28,Coriander,Vegetable,All
908,2024-06-11,Garlic,Vegetable,All
908,2024-06-11,Ladyfinger,Vegetable,Summer
908,2024-06-11,Watermelon,Fruit,Summer
908,2024-06-11,Capsicum,Vegetable,Summer
908,2024-06-11,Ginger,Vegetable,All
909,2024-06-20,Potato,Vegetable,All
909,2024-06-20,Tomato,Vegetable,Summer
909,2024-06-20,Watermelon,Fruit,Summer
909,2024-06-20,Pineapple,Fruit,Summer
909,2024-06-20,Onion,Vegetable,All
910,2024-09-06,Coriander,Vegetable,All
910,2024-09-06,Bottle Gourd,Vegetable,Rainy
911,2024-11-24,Onion,Vegetable,All
911,2024-11-24,Potato,Vegetable,All
911,2024-11-24,Guava,Fruit,Winter
911,2024-11-24,Ginger,Vegetable,All
912,2024-07-11,Ginger,Vegetable,All
912,2024-07-11,Garlic,Vegetable,All
912,2024-07-11,Bottle Gourd,Vegetable,Rainy
913,2024-11-05,Cabbage,Vegetable,Winter
913,2024-11-05,Carrot,Vegetable,Winter
913,2024-11-05,Coriander,Vegetable,All
913,2024-11-05,Garlic,Vegetable,All
914,2024-11-12,Ginger,Vegetable,All
914,2024-11-12,Garlic,Vegetable,All
914,2024-11-12,Coriander,Vegetable,All
915,2024-08-18,Banana,Fruit,Rainy
915,2024-08-18,Chilli,Vegetable,Rainy
915,2024-08-18,Onion,Vegetable,All
916,2024-02-23,Spinach,Vegetable,Winter
916,2024-02-23,Beetroot,Vegetable,Winter
916,2024-02-23,Potato,Vegetable,All
916,2024-02-23,Apple,Fruit,Winter
916,2024-02-23,Onion,Vegetable,All
917,2024-08-07,Garlic,Vegetable,All
917,2024-08-07,Ginger,Vegetable,All
918,2024-10-26,Potato,Vegetable,All
918,2024-10-26,Onion,Vegetable,All
918,2024-10-26,Coriander,Vegetable,All
918,2024-10-26,Garlic,Vegetable,All
918,2024-10-26,Ginger,Vegetable,All
919,2024-12-28,Ginger,Vegetable,All
919,2024-12-28,Cauliflower,Vegetable,Winter
919,2024-12-28,Apple,Fruit,Winter
919,2024-12-28,Carrot,Vegetable,Winter
920,2024-11-03,Apple,Fruit,Winter
920,2024-11-03,Beetroot,Vegetable,Winter
920,2024-11-03,Carrot,Vegetable,Winter
920,2024-11-03,Ginger,Vegetable,All
920,2024-11-03,Cabbage,Vegetable,Winter
921,2024-11-21,Guava,Fruit,Winter
921,2024-11-21,Beetroot,Vegetable,Winter
921,2024-11-21,Coriander,Vegetable,All
921,2024-11-21,Ginger,Vegetable,All
922,2024-05-10,Papaya,Fruit,Summer
922,2024-05-10,Coriander,Vegetable,All
922,2024-05-10,Ladyfinger,Vegetable,Summer
922,2024-05-10,Ginger,Vegetable,All
923,2024-01-19,Potato,Vegetable,All
923,2024-01-19,Apple,Fruit,Winter
923,2024-01-19,Onion,Vegetable,All
923,2024-01-19,Spinach,Vegetable,Winter
924,2024-08-01,Garlic,Vegetable,All
924,2024-08-01,Pumpkin,Vegetable,Rainy
925,2024-12-17,Carrot,Vegetable,Winter
925,2024-12-17,Onion,Vegetable,All
925,2024-12-17,Garlic,Vegetable,All
926,2024-08-16,Garlic,Vegetable,All
926,2024-08-16,Onion,Vegetable,All
926,2024-08-16,Ginger,Vegetable,All
926,2024-08-16,Banana,Fruit,Rainy
926,2024-08-16,Coriander,Vegetable,All
927,2024-06-27,Ginger,Vegetable,All
927,2024-06-27,Muskmelon,Fruit,Summer
927,2024-06-27,Papaya,Fruit,Summer
927,2024-06-27,Pineapple,Fruit,Summer
928,2024-09-03,Brinjal,Vegetable,Rainy
928,2024-09-03,Ginger,Vegetable,All
928,2024-09-03,Pumpkin,Vegetable,Rainy
928,2024-09-03,Banana,Fruit,Rainy
928,2024-09-03,Onion,Vegetable,All
929,2024-09-01,Bottle Gourd,Vegetable,Rainy
929,2024-09-01,Radish,Vegetable,Rainy
930,2024-07-10,Brinjal,Vegetable,Rainy
930,2024-07-10,Garlic,Vegetable,All
930,2024-07-10,Ginger,Vegetable,All
931,2024-11-06,Cabbage,Vegetable,Winter
931,2024-11-06,Apple,Fruit,Winter
931,2024-11-06,Garlic,Vegetable,All
932,2024-05-04,Papaya,Fruit,Summer
932,2024-05-04,Ladyfinger,Vegetable,Summer
932,2024-05-04,Watermelon,Fruit,Summer
932,2024-05-04,Potato,Vegetable,All
933,2024-02-14,Guava,Fruit,Winter
933,2024-02-14,Cabbage,Vegetable,Winter
933,2024-02-14,Spinach,Vegetable,Winter
933,2024-02-14,Garlic,Vegetable,All
934,2024-07-05,Chilli,Vegetable,Rainy
934,2024-07-05,Bottle Gourd,Vegetable,Rainy
934,2024-07-05,Garlic,Vegetable,All
934,2024-07-05,Onion,Vegetable,All
934,2024-07-05,Brinjal,Vegetable,Rainy
935,2024-11-15,Beetroot,Vegetable,Winter
935,2024-11-15,Carrot,Vegetable,Winter
935,2024-11-15,Garlic,Vegetable,All
935,2024-11-15,Guava,Fruit,Winter
936,2024-09-29,Garlic,Vegetable,All
936,2024-09-29,Chilli,Vegetable,Rainy
936,2024-09-29,Pumpkin,Vegetable,Rainy
936,2024-09-29,Coriander,Vegetable,All
937,2024-10-29,Onion,Vegetable,All
937,2024-10-29,Coriander,Vegetable,All
937,2024-10-29,Garlic,Vegetable,All
937,2024-10-29,Potato,Vegetable,All
938,2024-12-27,Onion,Vegetable,All
938,2024-12-27,Spinach,Vegetable,Winter
938,2024-12-27,Ginger,Vegetable,All
939,2024-09-03,Radish,Vegetable,Rainy
939,2024-09-03,Banana,Fruit,Rainy
940,2024-05-14,Tomato,Vegetable,Summer
940,2024-05-14,Coriander,Vegetable,All
941,2024-12-01,Cauliflower,Vegetable,Winter
941,2024-12-01,Onion,Vegetable,All
941,2024-12-01,Apple,Fruit,Winter
941,2024-12-01,Ginger,Vegetable,All
942,2024-07-17,Pumpkin,Vegetable,Rainy
942,2024-07-17,Potato,Vegetable,All
942,2024-07-17,Onion,Vegetable,All
943,2024-11-15,Spinach,Vegetable,Winter
943,2024-11-15,Onion,Vegetable,All
943,2024-11-15,Carrot,Vegetable,Winter
943,2024-11-15,Cauliflower,Vegetable,Winter
943,2024-11-15,Guava,Fruit,Winter
944,2024-05-27,Pineapple,Fruit,Summer
944,2024-05-27,Ginger,Vegetable,All
944,2024-05-27,Coriander,Vegetable,All
944,2024-05-27,Mango,Fruit,Summer
944,2024-05-27,Watermelon,Fruit,Summer
945,2024-02-28,Onion,Vegetable,All
945,2024-02-28,Spinach,Vegetable,Winter
945,2024-02-28,Carrot,Vegetable,Winter
945,2024-02-28,Ginger,Vegetable,All
946,2024-12-10,Potato,Vegetable,All
946,2024-12-10,Beetroot,Vegetable,Winter
947,2024-01-21,Guava,Fruit,Winter
947,2024-01-21,Potato,Vegetable,All
947,2024-01-21,Apple,Fruit,Winter
948,2024-03-28,Pineapple,Fruit,Summer
948,2024-03-28,Garlic,Vegetable,All
948,2024-03-28,Tomato,Vegetable,Summer
948,2024-03-28,Ladyfinger,Vegetable,Summer
948,2024-03-28,Watermelon,Fruit,Summer
949,2024-05-27,Muskmelon,Fruit,Summer
949,2024-05-27,Capsicum,Vegetable,Summer
949,2024-05-27,Tomato,Vegetable,Summer
949,2024-05-27,Ginger,Vegetable,All
950,2024-11-29,Carrot,Vegetable,Winter
950,2024-11-29,Coriander,Vegetable,All
950,2024-11-29,Green Peas,Vegetable,Winter
950,2024-11-29,Cauliflower,Vegetable,Winter
950,2024-11-29,Cabbage,Vegetable,Winter
951,2024-11-07,Cauliflower,Vegetable,Winter
951,2024-11-07,Apple,Fruit,Winter
952,2024-05-04,Tomato,Vegetable,Summer
952,2024-05-04,Ladyfinger,Vegetable,Summer
953,2024-06-13,Onion,Vegetable,All
953,2024-06-13,Garlic,Vegetable,All
953,2024-06-13,Muskmelon,Fruit,Summer
953,2024-06-13,Pineapple,Fruit,Summer
953,2024-06-13,Tomato,Vegetable,Summer
954,2024-11-24,Beetroot,Vegetable,Winter
954,2024-11-24,Carrot,Vegetable,Winter
954,2024-11-24,Spinach,Vegetable,Winter
955,2024-08-19,Pumpkin,Vegetable,Rainy
955,2024-08-19,Radish,Vegetable,Rainy
955,2024-08-19,Ginger,Vegetable,All
955,2024-08-19,Chilli,Vegetable,Rainy
955,2024-08-19,Garlic,Vegetable,All
956,2024-08-02,Radish,Vegetable,Rainy
956,2024-08-02,Coriander,Vegetable,All
956,2024-08-02,Onion,Vegetable,All
956,2024-08-02,Bottle Gourd,Vegetable,Rainy
957,2024-10-28,Ginger,Vegetable,All
957,2024-10-28,Coriander,Vegetable,All
957,2024-10-28,Potato,Vegetable,All
957,2024-10-28,Onion,Vegetable,All
958,2024-11-19,Carrot,Vegetable,Winter
958,2024-11-19,Onion,Vegetable,All
958,2024-11-19,Potato,Vegetable,All
958,2024-11-19,Cauliflower,Vegetable,Winter
958,2024-11-19,Coriander,Vegetable,All
959,2024-01-05,Guava,Fruit,Winter
959,2024-01-05,Ginger,Vegetable,All
959,2024-01-05,Green Peas,Vegetable,Winter
959,2024-01-05,Coriander,Vegetable,All
960,2024-06-23,Papaya,Fruit,Summer
960,2024-06-23,Coriander,Vegetable,All
960,2024-06-23,Muskmelon,Fruit,Summer
961,2024-11-26,Beetroot,Vegetable,Winter
961,2024-11-26,Onion,Vegetable,All
961,2024-11-26,Cabbage,Vegetable,Winter
962,2024-08-13,Banana,Fruit,Rainy
962,2024-08-13,Pumpkin,Vegetable,Rainy
962,2024-08-13,Chilli,Vegetable,Rainy
962,2024-08-13,Potato,Vegetable,All
963,2024-08-01,Chilli,Vegetable,Rainy
963,2024-08-01,Potato,Vegetable,All
963,2024-08-01,Pumpkin,Vegetable,Rainy
964,2024-06-06,Tomato,Vegetable,Summer
964,2024-06-06,Coriander,Vegetable,All
965,2024-11-07,Onion,Vegetable,All
965,2024-11-07,Coriander,Vegetable,All
965,2024-11-07,Spinach,Vegetable,Winter
966,2024-01-16,Potato,Vegetable,All
966,2024-01-16,Apple,Fruit,Winter
966,2024-01-16,Cauliflower,Vegetable,Winter
966,2024-01-16,Onion,Vegetable,All
966,2024-01-16,Beetroot,Vegetable,Winter
967,2024-05-20,Onion,Vegetable,All
967,2024-05-20,Ladyfinger,Vegetable,Summer
968,2024-11-04,Coriander,Vegetable,All
968,2024-11-04,Guava,Fruit,Winter
968,2024-11-04,Beetroot,Vegetable,Winter
969,2024-12-06,Cauliflower,Vegetable,Winter
969,2024-12-06,Garlic,Vegetable,All
969,2024-12-06,Ginger,Vegetable,All
969,2024-12-06,Green Peas,Vegetable,Winter
969,2024-12-06,Coriander,Vegetable,All
970,2024-12-22,Cabbage,Vegetable,Winter
970,2024-12-22,Green Peas,Vegetable,Winter
970,2024-12-22,Spinach,Vegetable,Winter
970,2024-12-22,Coriander,Vegetable,All
971,2024-07-16,Banana,Fruit,Rainy
971,2024-07-16,Chilli,Vegetable,Rainy
971,2024-07-16,Coriander,Vegetable,All
971,2024-07-16,Radish,Vegetable,Rainy
971,2024-07-16,Potato,Vegetable,All
972,2024-12-08,Onion,Vegetable,All
972,2024-12-08,Beetroot,Vegetable,Winter
972,2024-12-08,Carrot,Vegetable,Winter
972,2024-12-08,Cauliflower,Vegetable,Winter
973,2024-02-25,Coriander,Vegetable,All
973,2024-02-25,Apple,Fruit,Winter
973,2024-02-25,Beetroot,Vegetable,Winter
974,2024-10-04,Garlic,Vegetable,All
974,2024-10-04,Onion,Vegetable,All
974,2024-10-04,Potato,Vegetable,All
975,2024-04-29,Ladyfinger,Vegetable,Summer
975,2024-04-29,Mango,Fruit,Summer
975,2024-04-29,Tomato,Vegetable,Summer
975,2024-04-29,Garlic,Vegetable,All
976,2024-06-24,Potato,Vegetable,All
976,2024-06-24,Ginger,Vegetable,All
977,2024-05-11,Ginger,Vegetable,All
977,2024-05-11,Ladyfinger,Vegetable,Summer
977,2024-05-11,Watermelon,Fruit,Summer
977,2024-05-11,Capsicum,Vegetable,Summer
978,2024-07-23,Potato,Vegetable,All
978,2024-07-23,Onion,Vegetable,All
978,2024-07-23,Banana,Fruit,Rainy
978,2024-07-23,Radish,Vegetable,Rainy
979,2024-09-24,Pumpkin,Vegetable,Rainy
979,2024-09-24,Bottle Gourd,Vegetable,Rainy
980,2024-05-09,Onion,Vegetable,All
980,2024-05-09,Ladyfinger,Vegetable,Summer
980,2024-05-09,Tomato,Vegetable,Summer
981,2024-03-05,Garlic,Vegetable,All
981,2024-03-05,Ladyfinger,Vegetable,Summer
981,2024-03-05,Capsicum,Vegetable,Summer
981,2024-03-05,Papaya,Fruit,Summer
981,2024-03-05,Watermelon,Fruit,Summer
982,2024-04-13,Ginger,Vegetable,All
982,2024-04-13,Muskmelon,Fruit,Summer
983,2024-11-01,Garlic,Vegetable,All
983,2024-11-01,Beetroot,Vegetable,Winter
983,2024-11-01,Coriander,Vegetable,All
983,2024-11-01,Cauliflower,Vegetable,Winter
984,2024-12-02,Green Peas,Vegetable,Winter
984,2024-12-02,Spinach,Vegetable,Winter
984,2024-12-02,Cauliflower,Vegetable,Winter
984,2024-12-02,Garlic,Vegetable,All
984,2024-12-02,Carrot,Vegetable,Winter
985,2024-10-25,Coriander,Vegetable,All
985,2024-10-25,Potato,Vegetable,All
985,2024-10-25,Onion,Vegetable,All
986,2024-05-14,Capsicum,Vegetable,Summer
986,2024-05-14,Ginger,Vegetable,All
986,2024-05-14,Ladyfinger,Vegetable,Summer
986,2024-05-14,Muskmelon,Fruit,Summer
987,2024-02-04,Garlic,Vegetable,All
987,2024-02-04,Cauliflower,Vegetable,Winter
987,2024-02-04,Onion,Vegetable,All
987,2024-02-04,Apple,Fruit,Winter
987,2024-02-04,Cabbage,Vegetable,Winter
988,2024-06-22,Onion,Vegetable,All
988,2024-06-22,Coriander,Vegetable,All
989,2024-02-09,Ginger,Vegetable,All
989,2024-02-09,Green Peas,Vegetable,Winter
989,2024-02-09,Cabbage,Vegetable,Winter
990,2024-10-25,Potato,Vegetable,All
990,2024-10-25,Garlic,Vegetable,All
990,2024-10-25,Coriander,Vegetable,All
991,2024-07-29,Banana,Fruit,Rainy
991,2024-07-29,Radish,Vegetable,Rainy
991,2024-07-29,Ginger,Vegetable,All
992,2024-09-01,Potato,Vegetable,All
992,2024-09-01,Bottle Gourd,Vegetable,Rainy
992,2024-09-01,Radish,Vegetable,Rainy
992,2024-09-01,Ginger,Vegetable,All
992,2024-09-01,Chilli,Vegetable,Rainy
993,2024-12-22,Garlic,Vegetable,All
993,2024-12-22,Guava,Fruit,Winter
994,2024-12-18,Apple,Fruit,Winter
994,2024-12-18,Beetroot,Vegetable,Winter
995,2024-07-09,Banana,Fruit,Rainy
995,2024-07-09,Ginger,Vegetable,All
995,2024-07-09,Radish,Vegetable,Rainy
996,2024-06-10,Onion,Vegetable,All
996,2024-06-10,Mango,Fruit,Summer
996,2024-06-10,Garlic,Vegetable,All
996,2024-06-10,Watermelon,Fruit,Summer
996,2024-06-10,Pineapple,Fruit,Summer
997,2024-12-30,Apple,Fruit,Winter
997,2024-12-30,Cabbage,Vegetable,Winter
997,2024-12-30,Coriander,Vegetable,All
998,2024-10-08,Potato,Vegetable,All
998,2024-10-08,Coriander,Vegetable,All
999,2024-02-22,Guava,Fruit,Winter
999,2024-02-22,Carrot,Vegetable,Winter
999,2024-02-22,Potato,Vegetable,All
1000,2024-09-14,Onion,Vegetable,All
1000,2024-09-14,Pumpkin,Vegetable,Rainy
1000,2024-09-14,Brinjal,Vegetable,Rainy
1000,2024-09-14,Bottle Gourd,Vegetable,Rainy
1001,2024-01-26,Green Peas,Vegetable,Winter
1001,2024-01-26,Cauliflower,Vegetable,Winter
1001,2024-01-26,Carrot,Vegetable,Winter
1001,2024-01-26,Guava,Fruit,Winter
1002,2024-11-21,Beetroot,Vegetable,Winter
1002,2024-11-21,Cauliflower,Vegetable,Winter
1003,2024-02-29,Cabbage,Vegetable,Winter
1003,2024-02-29,Onion,Vegetable,All
1003,2024-02-29,Cauliflower,Vegetable,Winter
1003,2024-02-29,Ginger,Vegetable,All
1004,2024-12-18,Ginger,Vegetable,All
1004,2024-12-18,Cauliflower,Vegetable,Winter
1004,2024-12-18,Green Peas,Vegetable,Winter
1004,2024-12-18,Onion,Vegetable,All
1004,2024-12-18,Coriander,Vegetable,All
1005,2024-01-17,Cauliflower,Vegetable,Winter
1005,2024-01-17,Coriander,Vegetable,All
1005,2024-01-17,Apple,Fruit,Winter
1006,2024-04-29,Garlic,Vegetable,All
1006,2024-04-29,Coriander,Vegetable,All
1007,2024-02-10,Carrot,Vegetable,Winter
1007,2024-02-10,Cauliflower,Vegetable,Winter
1007,2024-02-10,Apple,Fruit,Winter
1007,2024-02-10,Potato,Vegetable,All
1008,2024-11-11,Apple,Fruit,Winter
1008,2024-11-11,Cabbage,Vegetable,Winter
1008,2024-11-11,Garlic,Vegetable,All
1008,2024-11-11,Green Peas,Vegetable,Winter
1008,2024-11-11,Cauliflower,Vegetable,Winter
1009,2024-02-20,Potato,Vegetable,All
1009,2024-02-20,Spinach,Vegetable,Winter
1009,2024-02-20,Green Peas,Vegetable,Winter
1009,2024-02-20,Garlic,Vegetable,All
1010,2024-10-20,Ginger,Vegetable,All
1010,2024-10-20,Garlic,Vegetable,All
1010,2024-10-20,Potato,Vegetable,All
1011,2024-04-07,Capsicum,Vegetable,Summer
1011,2024-04-07,Watermelon,Fruit,Summer
1011,2024-04-07,Coriander,Vegetable,All
1012,2024-01-23,Ginger,Vegetable,All
1012,2024-01-23,Coriander,Vegetable,All
1012,2024-01-23,Guava,Fruit,Winter
1013,2024-06-07,Potato,Vegetable,All
1013,2024-06-07,Ladyfinger,Vegetable,Summer
1013,2024-06-07,Muskmelon,Fruit,Summer
1013,2024-06-07,Ginger,Vegetable,All
1013,2024-06-07,Capsicum,Vegetable,Summer
1014,2024-11-06,Cauliflower,Vegetable,Winter
1014,2024-11-06,Cabbage,Vegetable,Winter
1014,2024-11-06,Spinach,Vegetable,Winter
1015,2024-01-04,Potato,Vegetable,All
1015,2024-01-04,Onion,Vegetable,All
1015,2024-01-04,Beetroot,Vegetable,Winter
1016,2024-09-28,Brinjal,Vegetable,Rainy
1016,2024-09-28,Potato,Vegetable,All
1017,2024-05-26,Papaya,Fruit,Summer
1017,2024-05-26,Potato,Vegetable,All
1017,2024-05-26,Tomato,Vegetable,Summer
1017,2024-05-26,Mango,Fruit,Summer
1018,2024-11-27,Cabbage,Vegetable,Winter
1018,2024-11-27,Onion,Vegetable,All
1019,2024-12-20,Carrot,Vegetable,Winter
1019,2024-12-20,Cauliflower,Vegetable,Winter
1019,2024-12-20,Potato,Vegetable,All
1019,2024-12-20,Onion,Vegetable,All
1020,2024-03-29,Tomato,Vegetable,Summer
1020,2024-03-29,Mango,Fruit,Summer
1020,2024-03-29,Onion,Vegetable,All
1020,2024-03-29,Potato,Vegetable,All
1021,2024-02-21,Cauliflower,Vegetable,Winter
1021,2024-02-21,Coriander,Vegetable,All
1022,2024-10-26,Potato,Vegetable,All
1022,2024-10-26,Ginger,Vegetable,All
1022,2024-10-26,Onion,Vegetable,All
1022,2024-10-26,Garlic,Vegetable,All
1023,2024-10-07,Potato,Vegetable,All
1023,2024-10-07,Ginger,Vegetable,All
1023,2024-10-07,Coriander,Vegetable,All
1024,2024-04-06,Ginger,Vegetable,All
1024,2024-04-06,Coriander,Vegetable,All
1024,2024-04-06,Garlic,Vegetable,All
1025,2024-05-22,Pineapple,Fruit,Summer
1025,2024-05-22,Papaya,Fruit,Summer
1025,2024-05-22,Watermelon,Fruit,Summer
1025,2024-05-22,Garlic,Vegetable,All
1026,2024-09-22,Chilli,Vegetable,Rainy
1026,2024-09-22,Potato,Vegetable,All
1026,2024-09-22,Banana,Fruit,Rainy
1026,2024-09-22,Pumpkin,Vegetable,Rainy
1027,2024-01-26,Garlic,Vegetable,All
1027,2024-01-26,Cabbage,Vegetable,Winter
1028,2024-10-03,Ginger,Vegetable,All
1028,2024-10-03,Onion,Vegetable,All
1028,2024-10-03,Garlic,Vegetable,All
1028,2024-10-03,Coriander,Vegetable,All
1028,2024-10-03,Potato,Vegetable,All
1029,2024-09-25,Banana,Fruit,Rainy
1029,2024-09-25,Potato,Vegetable,All
1029,2024-09-25,Radish,Vegetable,Rainy
1030,2024-08-19,Garlic,Vegetable,All
1030,2024-08-19,Bottle Gourd,Vegetable,Rainy
1030,2024-08-19,Onion,Vegetable,All
1030,2024-08-19,Ginger,Vegetable,All
1031,2024-03-08,Coriander,Vegetable,All
1031,2024-03-08,Garlic,Vegetable,All
1031,2024-03-08,Muskmelon,Fruit,Summer
1031,2024-03-08,Ladyfinger,Vegetable,Summer
1032,2024-06-05,Potato,Vegetable,All
1032,2024-06-05,Muskmelon,Fruit,Summer
1032,2024-06-05,Ginger,Vegetable,All
1033,2024-03-10,Tomato,Vegetable,Summer
1033,2024-03-10,Potato,Vegetable,All
1033,2024-03-10,Pineapple,Fruit,Summer
1033,2024-03-10,Papaya,Fruit,Summer
1034,2024-11-22,Beetroot,Vegetable,Winter
1034,2024-11-22,Garlic,Vegetable,All
1034,2024-11-22,Coriander,Vegetable,All
1035,2024-11-10,Spinach,Vegetable,Winter
1035,2024-11-10,Carrot,Vegetable,Winter
1035,2024-11-10,Potato,Vegetable,All
1035,2024-11-10,Garlic,Vegetable,All
1035,2024-11-10,Cabbage,Vegetable,Winter
1036,2024-01-22,Cabbage,Vegetable,Winter
1036,2024-01-22,Spinach,Vegetable,Winter
1036,2024-01-22,Green Peas,Vegetable,Winter
1037,2024-02-08,Cauliflower,Vegetable,Winter
1037,2024-02-08,Garlic,Vegetable,All
1037,2024-02-08,Green Peas,Vegetable,Winter
1038,2024-08-15,Pumpkin,Vegetable,Rainy
1038,2024-08-15,Chilli,Vegetable,Rainy
1039,2024-05-02,Ladyfinger,Vegetable,Summer
1039,2024-05-02,Muskmelon,Fruit,Summer
1040,2024-03-31,Garlic,Vegetable,All
1040,2024-03-31,Ladyfinger,Vegetable,Summer
1040,2024-03-31,Potato,Vegetable,All
1041,2024-05-17,Pineapple,Fruit,Summer
1041,2024-05-17,Garlic,Vegetable,All
1041,2024-05-17,Onion,Vegetable,All
1042,2024-04-03,Potato,Vegetable,All
1042,2024-04-03,Papaya,Fruit,Summer
1042,2024-04-03,Watermelon,Fruit,Summer
1043,2024-01-14,Coriander,Vegetable,All
1043,2024-01-14,Beetroot,Vegetable,Winter
1043,2024-01-14,Onion,Vegetable,All
1043,2024-01-14,Ginger,Vegetable,All
1044,2024-08-08,Chilli,Vegetable,Rainy
1044,2024-08-08,Garlic,Vegetable,All
1044,2024-08-08,Banana,Fruit,Rainy
1045,2024-07-29,Garlic,Vegetable,All
1045,2024-07-29,Onion,Vegetable,All
1045,2024-07-29,Coriander,Vegetable,All
1045,2024-07-29,Bottle Gourd,Vegetable,Rainy
1046,2024-08-05,Potato,Vegetable,All
1046,2024-08-05,Ginger,Vegetable,All
1046,2024-08-05,Pumpkin,Vegetable,Rainy
1047,2024-07-22,Ginger,Vegetable,All
1047,2024-07-22,Coriander,Vegetable,All
1047,2024-07-22,Banana,Fruit,Rainy
1048,2024-08-22,Pumpkin,Vegetable,Rainy
1048,2024-08-22,Potato,Vegetable,All
1048,2024-08-22,Radish,Vegetable,Rainy
1049,2024-02-17,Garlic,Vegetable,All
1049,2024-02-17,Cabbage,Vegetable,Winter
1049,2024-02-17,Apple,Fruit,Winter
1049,2024-02-17,Beetroot,Vegetable,Winter
1050,2024-08-30,Pumpkin,Vegetable,Rainy
1050,2024-08-30,Coriander,Vegetable,All
1050,2024-08-30,Banana,Fruit,Rainy
1050,2024-08-30,Chilli,Vegetable,Rainy
1051,2024-05-04,Potato,Vegetable,All
1051,2024-05-04,Mango,Fruit,Summer
1051,2024-05-04,Onion,Vegetable,All
1051,2024-05-04,Muskmelon,Fruit,Summer
1052,2024-12-08,Ginger,Vegetable,All
1052,2024-12-08,Guava,Fruit,Winter
1053,2024-02-11,Cauliflower,Vegetable,Winter
1053,2024-02-11,Potato,Vegetable,All
1053,2024-02-11,Guava,Fruit,Winter
1053,2024-02-11,Ginger,Vegetable,All
1054,2024-07-08,Garlic,Vegetable,All
1054,2024-07-08,Radish,Vegetable,Rainy
1054,2024-07-08,Brinjal,Vegetable,Rainy
1054,2024-07-08,Bottle Gourd,Vegetable,Rainy
1055,2024-10-01,Potato,Vegetable,All
1055,2024-10-01,Ginger,Vegetable,All
1056,2024-05-22,Coriander,Vegetable,All
1056,2024-05-22,Tomato,Vegetable,Summer
1057,2024-12-30,Onion,Vegetable,All
1057,2024-12-30,Coriander,Vegetable,All
1057,2024-12-30,Ginger,Vegetable,All
1058,2024-08-11,Onion,Vegetable,All
1058,2024-08-11,Pumpkin,Vegetable,Rainy
1058,2024-08-11,Brinjal,Vegetable,Rainy
1058,2024-08-11,Coriander,Vegetable,All
1058,2024-08-11,Radish,Vegetable,Rainy
1059,2024-07-28,Banana,Fruit,Rainy
1059,2024-07-28,Chilli,Vegetable,Rainy
1059,2024-07-28,Onion,Vegetable,All
1059,2024-07-28,Garlic,Vegetable,All
1060,2024-07-06,Bottle Gourd,Vegetable,Rainy
1060,2024-07-06,Coriander,Vegetable,All
1061,2024-06-29,Capsicum,Vegetable,Summer
1061,2024-06-29,Potato,Vegetable,All
1062,2024-06-21,Potato,Vegetable,All
1062,2024-06-21,Coriander,Vegetable,All
1063,2024-06-24,Potato,Vegetable,All
1063,2024-06-24,Coriander,Vegetable,All
1064,2024-09-24,Chilli,Vegetable,Rainy
1064,2024-09-24,Potato,Vegetable,All
1064,2024-09-24,Brinjal,Vegetable,Rainy
1065,2024-04-21,Muskmelon,Fruit,Summer
1065,2024-04-21,Ladyfinger,Vegetable,Summer
1065,2024-04-21,Mango,Fruit,Summer
1066,2024-06-29,Capsicum,Vegetable,Summer
1066,2024-06-29,Papaya,Fruit,Summer
1066,2024-06-29,Onion,Vegetable,All
1066,2024-06-29,Coriander,Vegetable,All
1067,2024-11-16,Onion,Vegetable,All
1067,2024-11-16,Ginger,Vegetable,All
1067,2024-11-16,Beetroot,Vegetable,Winter
1067,2024-11-16,Carrot,Vegetable,Winter
1068,2024-02-14,Beetroot,Vegetable,Winter
1068,2024-02-14,Potato,Vegetable,All
1069,2024-01-25,Potato,Vegetable,All
1069,2024-01-25,Spinach,Vegetable,Winter
1069,2024-01-25,Green Peas,Vegetable,Winter
1069,2024-01-25,Garlic,Vegetable,All
1070,2024-03-27,Pineapple,Fruit,Summer
1070,2024-03-27,Ginger,Vegetable,All
1071,2024-02-11,Onion,Vegetable,All
1071,2024-02-11,Garlic,Vegetable,All
1072,2024-03-03,Watermelon,Fruit,Summer
1072,2024-03-03,Tomato,Vegetable,Summer
1073,2024-10-02,Potato,Vegetable,All
1073,2024-10-02,Coriander,Vegetable,All
1073,2024-10-02,Onion,Vegetable,All
1073,2024-10-02,Ginger,Vegetable,All
1074,2024-05-20,Potato,Vegetable,All
1074,2024-05-20,Ginger,Vegetable,All
1074,2024-05-20,Ladyfinger,Vegetable,Summer
1075,2024-05-15,Tomato,Vegetable,Summer
1075,2024-05-15,Pineapple,Fruit,Summer
1075,2024-05-15,Potato,Vegetable,All
1075,2024-05-15,Muskmelon,Fruit,Summer
1075,2024-05-15,Ladyfinger,Vegetable,Summer
1076,2024-09-21,Radish,Vegetable,Rainy
1076,2024-09-21,Banana,Fruit,Rainy
1076,2024-09-21,Pumpkin,Vegetable,Rainy
1076,2024-09-21,Potato,Vegetable,All
1076,2024-09-21,Ginger,Vegetable,All
1077,2024-06-11,Pineapple,Fruit,Summer
1077,2024-06-11,Capsicum,Vegetable,Summer
1078,2024-01-28,Guava,Fruit,Winter
1078,2024-01-28,Spinach,Vegetable,Winter
1078,2024-01-28,Potato,Vegetable,All
1078,2024-01-28,Cabbage,Vegetable,Winter
1078,2024-01-28,Ginger,Vegetable,All
1079,2024-04-18,Onion,Vegetable,All
1079,2024-04-18,Muskmelon,Fruit,Summer
1079,2024-04-18,Papaya,Fruit,Summer
1079,2024-04-18,Pineapple,Fruit,Summer
1080,2024-09-10,Banana,Fruit,Rainy
1080,2024-09-10,Bottle Gourd,Vegetable,Rainy
1080,2024-09-10,Ginger,Vegetable,All
1080,2024-09-10,Brinjal,Vegetable,Rainy
1081,2024-12-11,Coriander,Vegetable,All
1081,2024-12-11,Garlic,Vegetable,All
1081,2024-12-11,Guava,Fruit,Winter
1081,2024-12-11,Apple,Fruit,Winter
1081,2024-12-11,Potato,Vegetable,All
1082,2024-05-18,Mango,Fruit,Summer
1082,2024-05-18,Ladyfinger,Vegetable,Summer
1082,2024-05-18,Ginger,Vegetable,All
1082,2024-05-18,Watermelon,Fruit,Summer
1083,2024-01-12,Guava,Fruit,Winter
1083,2024-01-12,Cabbage,Vegetable,Winter
1083,2024-01-12,Ginger,Vegetable,All
1084,2024-06-23,Garlic,Vegetable,All
1084,2024-06-23,Watermelon,Fruit,Summer
1084,2024-06-23,Papaya,Fruit,Summer
1084,2024-06-23,Capsicum,Vegetable,Summer
1085,2024-06-10,Ladyfinger,Vegetable,Summer
1085,2024-06-10,Garlic,Vegetable,All
1085,2024-06-10,Muskmelon,Fruit,Summer
1085,2024-06-10,Papaya,Fruit,Summer
1086,2024-03-16,Onion,Vegetable,All
1086,2024-03-16,Capsicum,Vegetable,Summer
1086,2024-03-16,Potato,Vegetable,All
1086,2024-03-16,Papaya,Fruit,Summer
1086,2024-03-16,Muskmelon,Fruit,Summer
1087,2024-10-11,Potato,Vegetable,All
1087,2024-10-11,Ginger,Vegetable,All
1087,2024-10-11,Onion,Vegetable,All
1087,2024-10-11,Garlic,Vegetable,All
1088,2024-10-31,Garlic,Vegetable,All
1088,2024-10-31,Coriander,Vegetable,All
1089,2024-08-09,Bottle Gourd,Vegetable,Rainy
1089,2024-08-09,Pumpkin,Vegetable,Rainy
1090,2024-12-29,Ginger,Vegetable,All
1090,2024-12-29,Garlic,Vegetable,All
1090,2024-12-29,Green Peas,Vegetable,Winter
1090,2024-12-29,Cabbage,Vegetable,Winter
1091,2024-06-23,Papaya,Fruit,Summer
1091,2024-06-23,Garlic,Vegetable,All
1091,2024-06-23,Watermelon,Fruit,Summer
1092,2024-02-16,Cauliflower,Vegetable,Winter
1092,2024-02-16,Green Peas,Vegetable,Winter
1092,2024-02-16,Carrot,Vegetable,Winter
1093,2024-08-01,Chilli,Vegetable,Rainy
1093,2024-08-01,Banana,Fruit,Rainy
1094,2024-07-22,Onion,Vegetable,All
1094,2024-07-22,Garlic,Vegetable,All
1094,2024-07-22,Brinjal,Vegetable,Rainy
1095,2024-09-22,Ginger,Vegetable,All
1095,2024-09-22,Onion,Vegetable,All
1096,2024-12-09,Carrot,Vegetable,Winter
1096,2024-12-09,Potato,Vegetable,All
1096,2024-12-09,Guava,Fruit,Winter
1096,2024-12-09,Apple,Fruit,Winter
1097,2024-09-28,Ginger,Vegetable,All
1097,2024-09-28,Brinjal,Vegetable,Rainy
1097,2024-09-28,Banana,Fruit,Rainy
1097,2024-09-28,Pumpkin,Vegetable,Rainy
1097,2024-09-28,Potato,Vegetable,All
1098,2024-05-02,Ginger,Vegetable,All
1098,2024-05-02,Pineapple,Fruit,Summer
1099,2024-11-19,Onion,Vegetable,All
1099,2024-11-19,Cauliflower,Vegetable,Winter
1099,2024-11-19,Coriander,Vegetable,All
1099,2024-11-19,Garlic,Vegetable,All
1099,2024-11-19,Guava,Fruit,Winter
1100,2024-03-21,Tomato,Vegetable,Summer
1100,2024-03-21,Watermelon,Fruit,Summer
1100,2024-03-21,Papaya,Fruit,Summer
1100,2024-03-21,Muskmelon,Fruit,Summer
1101,2024-05-27,Pineapple,Fruit,Summer
1101,2024-05-27,Capsicum,Vegetable,Summer
1102,2024-05-20,Potato,Vegetable,All
1102,2024-05-20,Ladyfinger,Vegetable,Summer
1102,2024-05-20,Tomato,Vegetable,Summer
1102,2024-05-20,Garlic,Vegetable,All
1102,2024-05-20,Watermelon,Fruit,Summer
1103,2024-01-07,Carrot,Vegetable,Winter
1103,2024-01-07,Cauliflower,Vegetable,Winter
1103,2024-01-07,Green Peas,Vegetable,Winter
1103,2024-01-07,Onion,Vegetable,All
1104,2024-12-11,Spinach,Vegetable,Winter
1104,2024-12-11,Coriander,Vegetable,All
1104,2024-12-11,Garlic,Vegetable,All
1104,2024-12-11,Cabbage,Vegetable,Winter
1105,2024-02-06,Green Peas,Vegetable,Winter
1105,2024-02-06,Cauliflower,Vegetable,Winter
1105,2024-02-06,Carrot,Vegetable,Winter
1105,2024-02-06,Beetroot,Vegetable,Winter
1106,2024-12-30,Garlic,Vegetable,All
1106,2024-12-30,Green Peas,Vegetable,Winter
1106,2024-12-30,Apple,Fruit,Winter
1106,2024-12-30,Beetroot,Vegetable,Winter
1106,2024-12-30,Guava,Fruit,Winter
1107,2024-02-14,Guava,Fruit,Winter
1107,2024-02-14,Carrot,Vegetable,Winter
1107,2024-02-14,Cauliflower,Vegetable,Winter
1108,2024-02-13,Apple,Fruit,Winter
1108,2024-02-13,Cabbage,Vegetable,Winter
1108,2024-02-13,Carrot,Vegetable,Winter
1109,2024-04-07,Mango,Fruit,Summer
1109,2024-04-07,Pineapple,Fruit,Summer
1109,2024-04-07,Ladyfinger,Vegetable,Summer
1109,2024-04-07,Papaya,Fruit,Summer
1110,2024-09-19,Coriander,Vegetable,All
1110,2024-09-19,Onion,Vegetable,All
1111,2024-01-09,Cauliflower,Vegetable,Winter
1111,2024-01-09,Garlic,Vegetable,All
1111,2024-01-09,Cabbage,Vegetable,Winter
1111,2024-01-09,Guava,Fruit,Winter
1112,2024-10-28,Garlic,Vegetable,All
1112,2024-10-28,Ginger,Vegetable,All
1113,2024-01-01,Onion,Vegetable,All
1113,2024-01-01,Green Peas,Vegetable,Winter
1114,2024-01-25,Potato,Vegetable,All
1114,2024-01-25,Carrot,Vegetable,Winter
1114,2024-01-25,Guava,Fruit,Winter
1114,2024-01-25,Ginger,Vegetable,All
1114,2024-01-25,Garlic,Vegetable,All
1115,2024-06-25,Mango,Fruit,Summer
1115,2024-06-25,Coriander,Vegetable,All
1116,2024-01-09,Ginger,Vegetable,All
1116,2024-01-09,Apple,Fruit,Winter
1116,2024-01-09,Guava,Fruit,Winter
1116,2024-01-09,Carrot,Vegetable,Winter
1116,2024-01-09,Cauliflower,Vegetable,Winter
1117,2024-03-05,Muskmelon,Fruit,Summer
1117,2024-03-05,Mango,Fruit,Summer
1117,2024-03-05,Capsicum,Vegetable,Summer
1117,2024-03-05,Coriander,Vegetable,All
1117,2024-03-05,Pineapple,Fruit,Summer
1118,2024-12-21,Apple,Fruit,Winter
1118,2024-12-21,Onion,Vegetable,All
1118,2024-12-21,Cauliflower,Vegetable,Winter
1118,2024-12-21,Coriander,Vegetable,All
1119,2024-07-17,Potato,Vegetable,All
1119,2024-07-17,Pumpkin,Vegetable,Rainy
1120,2024-06-15,Papaya,Fruit,Summer
1120,2024-06-15,Potato,Vegetable,All
1120,2024-06-15,Tomato,Vegetable,Summer
1120,2024-06-15,Capsicum,Vegetable,Summer
1120,2024-06-15,Muskmelon,Fruit,Summer
1121,2024-09-27,Onion,Vegetable,All
1121,2024-09-27,Chilli,Vegetable,Rainy
1121,2024-09-27,Garlic,Vegetable,All
1122,2024-01-01,Guava,Fruit,Winter
1122,2024-01-01,Ginger,Vegetable,All
1122,2024-01-01,Beetroot,Vegetable,Winter
1122,2024-01-01,Green Peas,Vegetable,Winter
1122,2024-01-01,Cauliflower,Vegetable,Winter
1123,2024-11-24,Ginger,Vegetable,All
1123,2024-11-24,Apple,Fruit,Winter
1124,2024-12-03,Beetroot,Vegetable,Winter
1124,2024-12-03,Carrot,Vegetable,Winter
1124,2024-12-03,Garlic,Vegetable,All
1124,2024-12-03,Coriander,Vegetable,All
1125,2024-02-03,Green Peas,Vegetable,Winter
1125,2024-02-03,Beetroot,Vegetable,Winter
1125,2024-02-03,Cabbage,Vegetable,Winter
1125,2024-02-03,Garlic,Vegetable,All
1125,2024-02-03,Ginger,Vegetable,All
1126,2024-08-31,Radish,Vegetable,Rainy
1126,2024-08-31,Banana,Fruit,Rainy
1126,2024-08-31,Garlic,Vegetable,All
1127,2024-12-29,Spinach,Vegetable,Winter
1127,2024-12-29,Onion,Vegetable,All
1128,2024-07-30,Banana,Fruit,Rainy
1128,2024-07-30,Radish,Vegetable,Rainy
1128,2024-07-30,Coriander,Vegetable,All
1128,2024-07-30,Bottle Gourd,Vegetable,Rainy
1128,2024-07-30,Onion,Vegetable,All
1129,2024-01-13,Coriander,Vegetable,All
1129,2024-01-13,Apple,Fruit,Winter
1130,2024-04-06,Mango,Fruit,Summer
1130,2024-04-06,Papaya,Fruit,Summer
1130,2024-04-06,Onion,Vegetable,All
1130,2024-04-06,Tomato,Vegetable,Summer
1130,2024-04-06,Coriander,Vegetable,All
1131,2024-07-07,Onion,Vegetable,All
1131,2024-07-07,Pumpkin,Vegetable,Rainy
1131,2024-07-07,Bottle Gourd,Vegetable,Rainy
1131,2024-07-07,Brinjal,Vegetable,Rainy
1132,2024-04-03,Potato,Vegetable,All
1132,2024-04-03,Ginger,Vegetable,All
1133,2024-09-16,Garlic,Vegetable,All
1133,2024-09-16,Banana,Fruit,Rainy
1133,2024-09-16,Coriander,Vegetable,All
1134,2024-04-18,Tomato,Vegetable,Summer
1134,2024-04-18,Capsicum,Vegetable,Summer
1134,2024-04-18,Coriander,Vegetable,All
1134,2024-04-18,Ladyfinger,Vegetable,Summer
1134,2024-04-18,Muskmelon,Fruit,Summer
1135,2024-10-22,Potato,Vegetable,All
1135,2024-10-22,Coriander,Vegetable,All
1135,2024-10-22,Ginger,Vegetable,All
1135,2024-10-22,Garlic,Vegetable,All
1135,2024-10-22,Onion,Vegetable,All
1136,2024-10-17,Onion,Vegetable,All
1136,2024-10-17,Garlic,Vegetable,All
1136,2024-10-17,Ginger,Vegetable,All
1136,2024-10-17,Coriander,Vegetable,All
1137,2024-10-25,Potato,Vegetable,All
1137,2024-10-25,Garlic,Vegetable,All
1137,2024-10-25,Onion,Vegetable,All
1137,2024-10-25,Coriander,Vegetable,All
1137,2024-10-25,Ginger,Vegetable,All
1138,2024-11-04,Garlic,Vegetable,All
1138,2024-11-04,Ginger,Vegetable,All
1138,2024-11-04,Carrot,Vegetable,Winter
1138,2024-11-04,Cabbage,Vegetable,Winter
1138,2024-11-04,Potato,Vegetable,All
1139,2024-08-02,Pumpkin,Vegetable,Rainy
1139,2024-08-02,Chilli,Vegetable,Rainy
1139,2024-08-02,Ginger,Vegetable,All
1140,2024-12-02,Cabbage,Vegetable,Winter
1140,2024-12-02,Green Peas,Vegetable,Winter
1140,2024-12-02,Potato,Vegetable,All
1141,2024-09-11,Coriander,Vegetable,All
1141,2024-09-11,Brinjal,Vegetable,Rainy
1142,2024-11-23,Ginger,Vegetable,All
1142,2024-11-23,Apple,Fruit,Winter
1143,2024-01-23,Ginger,Vegetable,All
1143,2024-01-23,Cauliflower,Vegetable,Winter
1143,2024-01-23,Garlic,Vegetable,All
1143,2024-01-23,Onion,Vegetable,All
1143,2024-01-23,Beetroot,Vegetable,Winter
1144,2024-02-18,Coriander,Vegetable,All
1144,2024-02-18,Beetroot,Vegetable,Winter
1144,2024-02-18,Cauliflower,Vegetable,Winter
1144,2024-02-18,Guava,Fruit,Winter
1145,2024-08-25,Ginger,Vegetable,All
1145,2024-08-25,Banana,Fruit,Rainy
1145,2024-08-25,Coriander,Vegetable,All
1145,2024-08-25,Garlic,Vegetable,All
1146,2024-08-06,Onion,Vegetable,All
1146,2024-08-06,Coriander,Vegetable,All
1147,2024-05-10,Tomato,Vegetable,Summer
1147,2024-05-10,Mango,Fruit,Summer
1147,2024-05-10,Garlic,Vegetable,All
1147,2024-05-10,Papaya,Fruit,Summer
1147,2024-05-10,Watermelon,Fruit,Summer
1148,2024-05-28,Capsicum,Vegetable,Summer
1148,2024-05-28,Ginger,Vegetable,All
1148,2024-05-28,Garlic,Vegetable,All
1149,2024-01-24,Cauliflower,Vegetable,Winter
1149,2024-01-24,Coriander,Vegetable,All
1150,2024-10-17,Coriander,Vegetable,All
1150,2024-10-17,Onion,Vegetable,All
1150,2024-10-17,Potato,Vegetable,All
1150,2024-10-17,Garlic,Vegetable,All
1150,2024-10-17,Ginger,Vegetable,All
1151,2024-03-03,Ginger,Vegetable,All
1151,2024-03-03,Watermelon,Fruit,Summer
1152,2024-06-01,Papaya,Fruit,Summer
1152,2024-06-01,Tomato,Vegetable,Summer
1152,2024-06-01,Onion,Vegetable,All
1152,2024-06-01,Capsicum,Vegetable,Summer
1152,2024-06-01,Muskmelon,Fruit,Summer
1153,2024-02-10,Guava,Fruit,Winter
1153,2024-02-10,Spinach,Vegetable,Winter
1153,2024-02-10,Garlic,Vegetable,All
1154,2024-01-31,Green Peas,Vegetable,Winter
1154,2024-01-31,Garlic,Vegetable,All
1155,2024-11-04,Green Peas,Vegetable,Winter
1155,2024-11-04,Cauliflower,Vegetable,Winter
1156,2024-05-11,Papaya,Fruit,Summer
1156,2024-05-11,Potato,Vegetable,All
1157,2024-02-03,Guava,Fruit,Winter
1157,2024-02-03,Spinach,Vegetable,Winter
1157,2024-02-03,Apple,Fruit,Winter
1158,2024-12-04,Carrot,Vegetable,Winter
1158,2024-12-04,Green Peas,Vegetable,Winter
1159,2024-05-06,Muskmelon,Fruit,Summer
1159,2024-05-06,Tomato,Vegetable,Summer
1159,2024-05-06,Pineapple,Fruit,Summer
1159,2024-05-06,Coriander,Vegetable,All
1160,2024-09-17,Banana,Fruit,Rainy
1160,2024-09-17,Radish,Vegetable,Rainy
1160,2024-09-17,Onion,Vegetable,All
1160,2024-09-17,Potato,Vegetable,All
1161,2024-08-18,Banana,Fruit,Rainy
1161,2024-08-18,Radish,Vegetable,Rainy
1161,2024-08-18,Pumpkin,Vegetable,Rainy
1161,2024-08-18,Garlic,Vegetable,All
1161,2024-08-18,Potato,Vegetable,All
1162,2024-10-16,Coriander,Vegetable,All
1162,2024-10-16,Potato,Vegetable,All
1163,2024-04-02,Ginger,Vegetable,All
1163,2024-04-02,Onion,Vegetable,All
1163,2024-04-02,Capsicum,Vegetable,Summer
1163,2024-04-02,Tomato,Vegetable,Summer
1163,2024-04-02,Garlic,Vegetable,All
1164,2024-11-24,Apple,Fruit,Winter
1164,2024-11-24,Garlic,Vegetable,All
1164,2024-11-24,Green Peas,Vegetable,Winter
1164,2024-11-24,Carrot,Vegetable,Winter
1164,2024-11-24,Guava,Fruit,Winter
1165,2024-03-06,Ladyfinger,Vegetable,Summer
1165,2024-03-06,Capsicum,Vegetable,Summer
1165,2024-03-06,Coriander,Vegetable,All
1165,2024-03-06,Mango,Fruit,Summer
1165,2024-03-06,Onion,Vegetable,All
1166,2024-03-11,Onion,Vegetable,All
1166,2024-03-11,Garlic,Vegetable,All
1167,2024-02-03,Onion,Vegetable,All
1167,2024-02-03,Coriander,Vegetable,All
1167,2024-02-03,Cauliflower,Vegetable,Winter
1168,2024-09-14,Bottle Gourd,Vegetable,Rainy
1168,2024-09-14,Potato,Vegetable,All
1168,2024-09-14,Ginger,Vegetable,All
1168,2024-09-14,Chilli,Vegetable,Rainy
1169,2024-02-01,Green Peas,Vegetable,Winter
1169,2024-02-01,Beetroot,Vegetable,Winter
1170,2024-04-24,Ladyfinger,Vegetable,Summer
1170,2024-04-24,Pineapple,Fruit,Summer
1170,2024-04-24,Capsicum,Vegetable,Summer
1170,2024-04-24,Watermelon,Fruit,Summer
1170,2024-04-24,Onion,Vegetable,All
1171,2024-11-07,Coriander,Vegetable,All
1171,2024-11-07,Garlic,Vegetable,All
1171,2024-11-07,Spinach,Vegetable,Winter
1172,2024-03-02,Garlic,Vegetable,All
1172,2024-03-02,Potato,Vegetable,All
1173,2024-12-23,Cauliflower,Vegetable,Winter
1173,2024-12-23,Green Peas,Vegetable,Winter
1173,2024-12-23,Carrot,Vegetable,Winter
1174,2024-07-08,Pumpkin,Vegetable,Rainy
1174,2024-07-08,Potato,Vegetable,All
1174,2024-07-08,Bottle Gourd,Vegetable,Rainy
1174,2024-07-08,Banana,Fruit,Rainy
1175,2024-09-19,Onion,Vegetable,All
1175,2024-09-19,Potato,Vegetable,All
1175,2024-09-19,Pumpkin,Vegetable,Rainy
1175,2024-09-19,Ginger,Vegetable,All
1175,2024-09-19,Bottle Gourd,Vegetable,Rainy
1176,2024-09-18,Potato,Vegetable,All
1176,2024-09-18,Brinjal,Vegetable,Rainy
1177,2024-04-02,Onion,Vegetable,All
1177,2024-04-02,Ginger,Vegetable,All
1177,2024-04-02,Ladyfinger,Vegetable,Summer
1178,2024-04-21,Garlic,Vegetable,All
1178,2024-04-21,Tomato,Vegetable,Summer
1178,2024-04-21,Potato,Vegetable,All
1179,2024-05-05,Onion,Vegetable,All
1179,2024-05-05,Ginger,Vegetable,All
1179,2024-05-05,Capsicum,Vegetable,Summer
1179,2024-05-05,Tomato,Vegetable,Summer
1180,2024-06-19,Watermelon,Fruit,Summer
1180,2024-06-19,Onion,Vegetable,All
1180,2024-06-19,Mango,Fruit,Summer
1180,2024-06-19,Papaya,Fruit,Summer
1180,2024-06-19,Pineapple,Fruit,Summer
1181,2024-05-22,Papaya,Fruit,Summer
1181,2024-05-22,Tomato,Vegetable,Summer
1181,2024-05-22,Pineapple,Fruit,Summer
1181,2024-05-22,Potato,Vegetable,All
1182,2024-04-20,Muskmelon,Fruit,Summer
1182,2024-04-20,Coriander,Vegetable,All
1182,2024-04-20,Watermelon,Fruit,Summer
1182,2024-04-20,Mango,Fruit,Summer
1182,2024-04-20,Tomato,Vegetable,Summer
1183,2024-10-30,Ginger,Vegetable,All
1183,2024-10-30,Coriander,Vegetable,All
1184,2024-01-15,Beetroot,Vegetable,Winter
1184,2024-01-15,Apple,Fruit,Winter
1184,2024-01-15,Guava,Fruit,Winter
1184,2024-01-15,Onion,Vegetable,All
1184,2024-01-15,Garlic,Vegetable,All
1185,2024-11-25,Apple,Fruit,Winter
1185,2024-11-25,Cabbage,Vegetable,Winter
1185,2024-11-25,Cauliflower,Vegetable,Winter
1185,2024-11-25,Carrot,Vegetable,Winter
1185,2024-11-25,Green Peas,Vegetable,Winter
1186,2024-09-23,Coriander,Vegetable,All
1186,2024-09-23,Chilli,Vegetable,Rainy
1186,2024-09-23,Onion,Vegetable,All
1186,2024-09-23,Pumpkin,Vegetable,Rainy
1186,2024-09-23,Radish,Vegetable,Rainy
1187,2024-10-12,Ginger,Vegetable,All
1187,2024-10-12,Potato,Vegetable,All
1187,2024-10-12,Coriander,Vegetable,All
1187,2024-10-12,Onion,Vegetable,All
1188,2024-03-12,Onion,Vegetable,All
1188,2024-03-12,Potato,Vegetable,All
1188,2024-03-12,Watermelon,Fruit,Summer
1188,2024-03-12,Garlic,Vegetable,All
1188,2024-03-12,Tomato,Vegetable,Summer
1189,2024-11-03,Cauliflower,Vegetable,Winter
1189,2024-11-03,Spinach,Vegetable,Winter
1189,2024-11-03,Garlic,Vegetable,All
1189,2024-11-03,Green Peas,Vegetable,Winter
1190,2024-10-13,Potato,Vegetable,All
1190,2024-10-13,Onion,Vegetable,All
1190,2024-10-13,Ginger,Vegetable,All
1190,2024-10-13,Coriander,Vegetable,All
1191,2024-04-24,Tomato,Vegetable,Summer
1191,2024-04-24,Mango,Fruit,Summer
1192,2024-02-13,Guava,Fruit,Winter
1192,2024-02-13,Green Peas,Vegetable,Winter
1192,2024-02-13,Garlic,Vegetable,All
1192,2024-02-13,Beetroot,Vegetable,Winter
1193,2024-02-20,Cauliflower,Vegetable,Winter
1193,2024-02-20,Carrot,Vegetable,Winter
1193,2024-02-20,Ginger,Vegetable,All
1193,2024-02-20,Apple,Fruit,Winter
1193,2024-02-20,Onion,Vegetable,All
1194,2024-05-31,Ladyfinger,Vegetable,Summer
1194,2024-05-31,Coriander,Vegetable,All
1195,2024-08-02,Potato,Vegetable,All
1195,2024-08-02,Banana,Fruit,Rainy
1195,2024-08-02,Ginger,Vegetable,All
1195,2024-08-02,Bottle Gourd,Vegetable,Rainy
1196,2024-11-12,Green Peas,Vegetable,Winter
1196,2024-11-12,Spinach,Vegetable,Winter
1196,2024-11-12,Ginger,Vegetable,All
1196,2024-11-12,Coriander,Vegetable,All
1196,2024-11-12,Apple,Fruit,Winter
1197,2024-05-30,Garlic,Vegetable,All
1197,2024-05-30,Watermelon,Fruit,Summer
1197,2024-05-30,Papaya,Fruit,Summer
1198,2024-03-17,Ginger,Vegetable,All
1198,2024-03-17,Potato,Vegetable,All
1198,2024-03-17,Capsicum,Vegetable,Summer
1199,2024-11-30,Guava,Fruit,Winter
1199,2024-11-30,Onion,Vegetable,All
1199,2024-11-30,Green Peas,Vegetable,Winter
1199,2024-11-30,Spinach,Vegetable,Winter
1200,2024-06-23,Ginger,Vegetable,All
1200,2024-06-23,Mango,Fruit,Summer
1200,2024-06-23,Muskmelon,Fruit,Summer
1200,2024-06-23,Watermelon,Fruit,Summer
1201,2024-09-08,Banana,Fruit,Rainy
1201,2024-09-08,Radish,Vegetable,Rainy
1201,2024-09-08,Chilli,Vegetable,Rainy
1201,2024-09-08,Onion,Vegetable,All
1202,2024-01-23,Carrot,Vegetable,Winter
1202,2024-01-23,Onion,Vegetable,All
1202,2024-01-23,Apple,Fruit,Winter
1203,2024-12-01,Cabbage,Vegetable,Winter
1203,2024-12-01,Green Peas,Vegetable,Winter
1203,2024-12-01,Carrot,Vegetable,Winter
1204,2024-01-13,Coriander,Vegetable,All
1204,2024-01-13,Carrot,Vegetable,Winter
1204,2024-01-13,Beetroot,Vegetable,Winter
1205,2024-11-29,Ginger,Vegetable,All
1205,2024-11-29,Beetroot,Vegetable,Winter
1205,2024-11-29,Spinach,Vegetable,Winter
1205,2024-11-29,Garlic,Vegetable,All
1205,2024-11-29,Carrot,Vegetable,Winter
1206,2024-05-04,Garlic,Vegetable,All
1206,2024-05-04,Ladyfinger,Vegetable,Summer
1207,2024-11-21,Spinach,Vegetable,Winter
1207,2024-11-21,Coriander,Vegetable,All
1207,2024-11-21,Apple,Fruit,Winter
1207,2024-11-21,Cabbage,Vegetable,Winter
1207,2024-11-21,Beetroot,Vegetable,Winter
1208,2024-01-23,Cabbage,Vegetable,Winter
1208,2024-01-23,Guava,Fruit,Winter
1208,2024-01-23,Coriander,Vegetable,All
1209,2024-06-13,Ginger,Vegetable,All
1209,2024-06-13,Pineapple,Fruit,Summer
1210,2024-06-21,Watermelon,Fruit,Summer
1210,2024-06-21,Pineapple,Fruit,Summer
1211,2024-04-25,Coriander,Vegetable,All
1211,2024-04-25,Watermelon,Fruit,Summer
1211,2024-04-25,Ginger,Vegetable,All
1211,2024-04-25,Capsicum,Vegetable,Summer
1212,2024-03-17,Pineapple,Fruit,Summer
1212,2024-03-17,Ginger,Vegetable,All
1213,2024-02-27,Ginger,Vegetable,All
1213,2024-02-27,Carrot,Vegetable,Winter
1213,2024-02-27,Spinach,Vegetable,Winter
1213,2024-02-27,Cabbage,Vegetable,Winter
1213,2024-02-27,Garlic,Vegetable,All
1214,2024-07-22,Chilli,Vegetable,Rainy
1214,2024-07-22,Radish,Vegetable,Rainy
1214,2024-07-22,Banana,Fruit,Rainy
1215,2024-01-25,Apple,Fruit,Winter
1215,2024-01-25,Potato,Vegetable,All
1216,2024-09-06,Brinjal,Vegetable,Rainy
1216,2024-09-06,Bottle Gourd,Vegetable,Rainy
1216,2024-09-06,Garlic,Vegetable,All
1216,2024-09-06,Onion,Vegetable,All
1216,2024-09-06,Radish,Vegetable,Rainy
1217,2024-03-26,Capsicum,Vegetable,Summer
1217,2024-03-26,Papaya,Fruit,Summer
1217,2024-03-26,Ginger,Vegetable,All
1217,2024-03-26,Coriander,Vegetable,All
1217,2024-03-26,Ladyfinger,Vegetable,Summer
1218,2024-08-11,Ginger,Vegetable,All
1218,2024-08-11,Pumpkin,Vegetable,Rainy
1218,2024-08-11,Radish,Vegetable,Rainy
1219,2024-09-24,Onion,Vegetable,All
1219,2024-09-24,Pumpkin,Vegetable,Rainy
1219,2024-09-24,Ginger,Vegetable,All
1219,2024-09-24,Brinjal,Vegetable,Rainy
1219,2024-09-24,Radish,Vegetable,Rainy
1220,2024-10-02,Coriander,Vegetable,All
1220,2024-10-02,Garlic,Vegetable,All
1220,2024-10-02,Onion,Vegetable,All
1220,2024-10-02,Potato,Vegetable,All
1220,2024-10-02,Ginger,Vegetable,All
1221,2024-09-05,Pumpkin,Vegetable,Rainy
1221,2024-09-05,Garlic,Vegetable,All
1221,2024-09-05,Onion,Vegetable,All
1222,2024-08-31,Garlic,Vegetable,All
1222,2024-08-31,Potato,Vegetable,All
1222,2024-08-31,Chilli,Vegetable,Rainy
1222,2024-08-31,Banana,Fruit,Rainy
1222,2024-08-31,Ginger,Vegetable,All
1223,2024-12-16,Spinach,Vegetable,Winter
1223,2024-12-16,Beetroot,Vegetable,Winter
1223,2024-12-16,Coriander,Vegetable,All
1223,2024-12-16,Carrot,Vegetable,Winter
1224,2024-03-26,Watermelon,Fruit,Summer
1224,2024-03-26,Garlic,Vegetable,All
1224,2024-03-26,Ladyfinger,Vegetable,Summer
1224,2024-03-26,Potato,Vegetable,All
1224,2024-03-26,Muskmelon,Fruit,Summer
1225,2024-11-12,Beetroot,Vegetable,Winter
1225,2024-11-12,Onion,Vegetable,All
1225,2024-11-12,Apple,Fruit,Winter
1225,2024-11-12,Ginger,Vegetable,All
1226,2024-02-14,Potato,Vegetable,All
1226,2024-02-14,Cauliflower,Vegetable,Winter
1226,2024-02-14,Onion,Vegetable,All
1227,2024-09-14,Pumpkin,Vegetable,Rainy
1227,2024-09-14,Garlic,Vegetable,All
1228,2024-11-10,Coriander,Vegetable,All
1228,2024-11-10,Carrot,Vegetable,Winter
1228,2024-11-10,Beetroot,Vegetable,Winter
1228,2024-11-10,Onion,Vegetable,All
1228,2024-11-10,Guava,Fruit,Winter
1229,2024-05-05,Coriander,Vegetable,All
1229,2024-05-05,Tomato,Vegetable,Summer
1229,2024-05-05,Capsicum,Vegetable,Summer
1229,2024-05-05,Onion,Vegetable,All
1230,2024-05-06,Pineapple,Fruit,Summer
1230,2024-05-06,Ginger,Vegetable,All
1230,2024-05-06,Tomato,Vegetable,Summer
1230,2024-05-06,Ladyfinger,Vegetable,Summer
1230,2024-05-06,Coriander,Vegetable,All
1231,2024-01-20,Onion,Vegetable,All
1231,2024-01-20,Cabbage,Vegetable,Winter
1231,2024-01-20,Apple,Fruit,Winter
1231,2024-01-20,Garlic,Vegetable,All
1232,2024-05-07,Ladyfinger,Vegetable,Summer
1232,2024-05-07,Tomato,Vegetable,Summer
1232,2024-05-07,Onion,Vegetable,All
1232,2024-05-07,Capsicum,Vegetable,Summer
1232,2024-05-07,Mango,Fruit,Summer
1233,2024-11-13,Apple,Fruit,Winter
1233,2024-11-13,Potato,Vegetable,All
1233,2024-11-13,Carrot,Vegetable,Winter
1234,2024-05-16,Ginger,Vegetable,All
1234,2024-05-16,Coriander,Vegetable,All
1234,2024-05-16,Pineapple,Fruit,Summer
1234,2024-05-16,Onion,Vegetable,All
1234,2024-05-16,Tomato,Vegetable,Summer
1235,2024-05-18,Onion,Vegetable,All
1235,2024-05-18,Papaya,Fruit,Summer
1236,2024-09-25,Banana,Fruit,Rainy
1236,2024-09-25,Bottle Gourd,Vegetable,Rainy
1236,2024-09-25,Coriander,Vegetable,All
1236,2024-09-25,Potato,Vegetable,All
1236,2024-09-25,Chilli,Vegetable,Rainy
1237,2024-12-18,Apple,Fruit,Winter
1237,2024-12-18,Coriander,Vegetable,All
1238,2024-04-12,Muskmelon,Fruit,Summer
1238,2024-04-12,Potato,Vegetable,All
1239,2024-11-22,Guava,Fruit,Winter
1239,2024-11-22,Apple,Fruit,Winter
1240,2024-02-21,Spinach,Vegetable,Winter
1240,2024-02-21,Garlic,Vegetable,All
1241,2024-01-28,Green Peas,Vegetable,Winter
1241,2024-01-28,Ginger,Vegetable,All
1241,2024-01-28,Coriander,Vegetable,All
1241,2024-01-28,Apple,Fruit,Winter
1242,2024-09-20,Pumpkin,Vegetable,Rainy
1242,2024-09-20,Chilli,Vegetable,Rainy
1242,2024-09-20,Ginger,Vegetable,All
1242,2024-09-20,Potato,Vegetable,All
1243,2024-06-07,Muskmelon,Fruit,Summer
1243,2024-06-07,Mango,Fruit,Summer
1243,2024-06-07,Ladyfinger,Vegetable,Summer
1243,2024-06-07,Tomato,Vegetable,Summer
1243,2024-06-07,Pineapple,Fruit,Summer
1244,2024-09-07,Garlic,Vegetable,All
1244,2024-09-07,Chilli,Vegetable,Rainy
1244,2024-09-07,Coriander,Vegetable,All
1245,2024-01-02,Green Peas,Vegetable,Winter
1245,2024-01-02,Guava,Fruit,Winter
1245,2024-01-02,Garlic,Vegetable,All
1246,2024-04-13,Pineapple,Fruit,Summer
1246,2024-04-13,Ginger,Vegetable,All
1246,2024-04-13,Muskmelon,Fruit,Summer
1247,2024-05-09,Pineapple,Fruit,Summer
1247,2024-05-09,Muskmelon,Fruit,Summer
1247,2024-05-09,Ladyfinger,Vegetable,Summer
1248,2024-07-12,Chilli,Vegetable,Rainy
1248,2024-07-12,Potato,Vegetable,All
1248,2024-07-12,Ginger,Vegetable,All
1248,2024-07-12,Radish,Vegetable,Rainy
1248,2024-07-12,Brinjal,Vegetable,Rainy
1249,2024-04-28,Watermelon,Fruit,Summer
1249,2024-04-28,Tomato,Vegetable,Summer
1249,2024-04-28,Ladyfinger,Vegetable,Summer
1250,2024-09-22,Coriander,Vegetable,All
1250,2024-09-22,Brinjal,Vegetable,Rainy
1250,2024-09-22,Pumpkin,Vegetable,Rainy
1250,2024-09-22,Ginger,Vegetable,All
1250,2024-09-22,Chilli,Vegetable,Rainy
1251,2024-11-08,Cabbage,Vegetable,Winter
1251,2024-11-08,Guava,Fruit,Winter
1251,2024-11-08,Ginger,Vegetable,All
1251,2024-11-08,Green Peas,Vegetable,Winter
1251,2024-11-08,Potato,Vegetable,All
1252,2024-08-31,Pumpkin,Vegetable,Rainy
1252,2024-08-31,Garlic,Vegetable,All
1252,2024-08-31,Bottle Gourd,Vegetable,Rainy
1252,2024-08-31,Banana,Fruit,Rainy
1252,2024-08-31,Chilli,Vegetable,Rainy
1253,2024-08-05,Radish,Vegetable,Rainy
1253,2024-08-05,Coriander,Vegetable,All
1253,2024-08-05,Bottle Gourd,Vegetable,Rainy
1253,2024-08-05,Potato,Vegetable,All
1254,2024-09-04,Bottle Gourd,Vegetable,Rainy
1254,2024-09-04,Onion,Vegetable,All
1254,2024-09-04,Potato,Vegetable,All
1254,2024-09-04,Pumpkin,Vegetable,Rainy
1254,2024-09-04,Garlic,Vegetable,All
1255,2024-02-23,Apple,Fruit,Winter
1255,2024-02-23,Green Peas,Vegetable,Winter
1255,2024-02-23,Potato,Vegetable,All
1255,2024-02-23,Cabbage,Vegetable,Winter
1255,2024-02-23,Onion,Vegetable,All
1256,2024-07-30,Bottle Gourd,Vegetable,Rainy
1256,2024-07-30,Coriander,Vegetable,All
1256,2024-07-30,Garlic,Vegetable,All
1256,2024-07-30,Pumpkin,Vegetable,Rainy
1256,2024-07-30,Brinjal,Vegetable,Rainy
1257,2024-05-21,Tomato,Vegetable,Summer
1257,2024-05-21,Mango,Fruit,Summer
1257,2024-05-21,Watermelon,Fruit,Summer
1257,2024-05-21,Potato,Vegetable,All
1257,2024-05-21,Garlic,Vegetable,All
1258,2024-10-05,Ginger,Vegetable,All
1258,2024-10-05,Coriander,Vegetable,All
1259,2024-07-14,Brinjal,Vegetable,Rainy
1259,2024-07-14,Onion,Vegetable,All
1259,2024-07-14,Radish,Vegetable,Rainy
1260,2024-12-15,Potato,Vegetable,All
1260,2024-12-15,Spinach,Vegetable,Winter
1261,2024-07-22,Bottle Gourd,Vegetable,Rainy
1261,2024-07-22,Chilli,Vegetable,Rainy
1261,2024-07-22,Onion,Vegetable,All
1261,2024-07-22,Potato,Vegetable,All
1262,2024-10-09,Onion,Vegetable,All
1262,2024-10-09,Coriander,Vegetable,All
1263,2024-01-23,Green Peas,Vegetable,Winter
1263,2024-01-23,Onion,Vegetable,All
1264,2024-12-29,Green Peas,Vegetable,Winter
1264,2024-12-29,Apple,Fruit,Winter
1264,2024-12-29,Beetroot,Vegetable,Winter
1264,2024-12-29,Potato,Vegetable,All
1265,2024-09-07,Chilli,Vegetable,Rainy
1265,2024-09-07,Onion,Vegetable,All
1265,2024-09-07,Garlic,Vegetable,All
1265,2024-09-07,Radish,Vegetable,Rainy
1265,2024-09-07,Pumpkin,Vegetable,Rainy
1266,2024-02-09,Cabbage,Vegetable,Winter
1266,2024-02-09,Beetroot,Vegetable,Winter
1266,2024-02-09,Spinach,Vegetable,Winter
1266,2024-02-09,Potato,Vegetable,All
1267,2024-01-18,Guava,Fruit,Winter
1267,2024-01-18,Green Peas,Vegetable,Winter
1267,2024-01-18,Potato,Vegetable,All
1267,2024-01-18,Cauliflower,Vegetable,Winter
1267,2024-01-18,Spinach,Vegetable,Winter
1268,2024-06-11,Mango,Fruit,Summer
1268,2024-06-11,Potato,Vegetable,All
1268,2024-06-11,Ladyfinger,Vegetable,Summer
1268,2024-06-11,Pineapple,Fruit,Summer
1268,2024-06-11,Papaya,Fruit,Summer
1269,2024-11-30,Apple,Fruit,Winter
1269,2024-11-30,Green Peas,Vegetable,Winter
1269,2024-11-30,Spinach,Vegetable,Winter
1269,2024-11-30,Garlic,Vegetable,All
1270,2024-07-10,Bottle Gourd,Vegetable,Rainy
1270,2024-07-10,Radish,Vegetable,Rainy
1271,2024-12-13,Garlic,Vegetable,All
1271,2024-12-13,Beetroot,Vegetable,Winter
1271,2024-12-13,Onion,Vegetable,All
1271,2024-12-13,Spinach,Vegetable,Winter
1271,2024-12-13,Carrot,Vegetable,Winter
1272,2024-04-26,Garlic,Vegetable,All
1272,2024-04-26,Ginger,Vegetable,All
1272,2024-04-26,Coriander,Vegetable,All
1272,2024-04-26,Capsicum,Vegetable,Summer
1272,2024-04-26,Watermelon,Fruit,Summer
1273,2024-03-21,Papaya,Fruit,Summer
1273,2024-03-21,Mango,Fruit,Summer
1273,2024-03-21,Capsicum,Vegetable,Summer
1273,2024-03-21,Tomato,Vegetable,Summer
1274,2024-05-22,Ladyfinger,Vegetable,Summer
1274,2024-05-22,Muskmelon,Fruit,Summer
1274,2024-05-22,Tomato,Vegetable,Summer
1275,2024-09-11,Radish,Vegetable,Rainy
1275,2024-09-11,Coriander,Vegetable,All
1275,2024-09-11,Chilli,Vegetable,Rainy
1275,2024-09-11,Banana,Fruit,Rainy
1276,2024-08-19,Ginger,Vegetable,All
1276,2024-08-19,Pumpkin,Vegetable,Rainy
1276,2024-08-19,Potato,Vegetable,All
1276,2024-08-19,Radish,Vegetable,Rainy
1276,2024-08-19,Brinjal,Vegetable,Rainy
1277,2024-05-04,Coriander,Vegetable,All
1277,2024-05-04,Pineapple,Fruit,Summer
1278,2024-06-04,Potato,Vegetable,All
1278,2024-06-04,Muskmelon,Fruit,Summer
1278,2024-06-04,Garlic,Vegetable,All
1278,2024-06-04,Onion,Vegetable,All
1278,2024-06-04,Ladyfinger,Vegetable,Summer
1279,2024-11-03,Beetroot,Vegetable,Winter
1279,2024-11-03,Onion,Vegetable,All
1279,2024-11-03,Potato,Vegetable,All
1279,2024-11-03,Apple,Fruit,Winter
1280,2024-01-19,Beetroot,Vegetable,Winter
1280,2024-01-19,Garlic,Vegetable,All
1280,2024-01-19,Carrot,Vegetable,Winter
1280,2024-01-19,Onion,Vegetable,All
1280,2024-01-19,Ginger,Vegetable,All
1281,2024-09-24,Banana,Fruit,Rainy
1281,2024-09-24,Coriander,Vegetable,All
1281,2024-09-24,Chilli,Vegetable,Rainy
1281,2024-09-24,Ginger,Vegetable,All
1282,2024-08-07,Coriander,Vegetable,All
1282,2024-08-07,Bottle Gourd,Vegetable,Rainy
1282,2024-08-07,Ginger,Vegetable,All
1282,2024-08-07,Garlic,Vegetable,All
1282,2024-08-07,Banana,Fruit,Rainy
1283,2024-10-30,Potato,Vegetable,All
1283,2024-10-30,Garlic,Vegetable,All
1283,2024-10-30,Coriander,Vegetable,All
1283,2024-10-30,Onion,Vegetable,All
1283,2024-10-30,Ginger,Vegetable,All
1284,2024-06-18,Papaya,Fruit,Summer
1284,2024-06-18,Ginger,Vegetable,All
1285,2024-05-13,Potato,Vegetable,All
1285,2024-05-13,Ladyfinger,Vegetable,Summer
1285,2024-05-13,Watermelon,Fruit,Summer
1286,2024-01-13,Guava,Fruit,Winter
1286,2024-01-13,Cabbage,Vegetable,Winter
1287,2024-09-09,Brinjal,Vegetable,Rainy
1287,2024-09-09,Chilli,Vegetable,Rainy
1287,2024-09-09,Bottle Gourd,Vegetable,Rainy
1287,2024-09-09,Garlic,Vegetable,All
1288,2024-06-23,Papaya,Fruit,Summer
1288,2024-06-23,Watermelon,Fruit,Summer
1289,2024-01-16,Cauliflower,Vegetable,Winter
1289,2024-01-16,Garlic,Vegetable,All
1289,2024-01-16,Apple,Fruit,Winter
1289,2024-01-16,Beetroot,Vegetable,Winter
1290,2024-07-31,Pumpkin,Vegetable,Rainy
1290,2024-07-31,Potato,Vegetable,All
1290,2024-07-31,Coriander,Vegetable,All
1291,2024-09-02,Potato,Vegetable,All
1291,2024-09-02,Ginger,Vegetable,All
1291,2024-09-02,Brinjal,Vegetable,Rainy
1291,2024-09-02,Banana,Fruit,Rainy
1292,2024-09-27,Bottle Gourd,Vegetable,Rainy
1292,2024-09-27,Coriander,Vegetable,All
1292,2024-09-27,Pumpkin,Vegetable,Rainy
1292,2024-09-27,Chilli,Vegetable,Rainy
1292,2024-09-27,Potato,Vegetable,All
1293,2024-11-29,Cabbage,Vegetable,Winter
1293,2024-11-29,Guava,Fruit,Winter
1293,2024-11-29,Garlic,Vegetable,All
1293,2024-11-29,Apple,Fruit,Winter
1293,2024-11-29,Cauliflower,Vegetable,Winter
1294,2024-12-26,Beetroot,Vegetable,Winter
1294,2024-12-26,Coriander,Vegetable,All
1294,2024-12-26,Onion,Vegetable,All
1294,2024-12-26,Guava,Fruit,Winter
1294,2024-12-26,Apple,Fruit,Winter
1295,2024-04-19,Potato,Vegetable,All
1295,2024-04-19,Capsicum,Vegetable,Summer
1295,2024-04-19,Mango,Fruit,Summer
1295,2024-04-19,Ginger,Vegetable,All
1296,2024-07-11,Brinjal,Vegetable,Rainy
1296,2024-07-11,Coriander,Vegetable,All
1296,2024-07-11,Garlic,Vegetable,All
1297,2024-07-28,Pumpkin,Vegetable,Rainy
1297,2024-07-28,Brinjal,Vegetable,Rainy
1297,2024-07-28,Ginger,Vegetable,All
1298,2024-09-07,Chilli,Vegetable,Rainy
1298,2024-09-07,Pumpkin,Vegetable,Rainy
1298,2024-09-07,Banana,Fruit,Rainy
1298,2024-09-07,Potato,Vegetable,All
1299,2024-01-26,Guava,Fruit,Winter
1299,2024-01-26,Cabbage,Vegetable,Winter
1300,2024-11-08,Beetroot,Vegetable,Winter
1300,2024-11-08,Guava,Fruit,Winter
1300,2024-11-08,Spinach,Vegetable,Winter
1300,2024-11-08,Garlic,Vegetable,All
1301,2024-07-19,Banana,Fruit,Rainy
1301,2024-07-19,Pumpkin,Vegetable,Rainy
1301,2024-07-19,Potato,Vegetable,All
1301,2024-07-19,Coriander,Vegetable,All
1302,2024-08-22,Garlic,Vegetable,All
1302,2024-08-22,Potato,Vegetable,All
1302,2024-08-22,Radish,Vegetable,Rainy
1302,2024-08-22,Onion,Vegetable,All
1303,2024-04-22,Capsicum,Vegetable,Summer
1303,2024-04-22,Ladyfinger,Vegetable,Summer
1303,2024-04-22,Mango,Fruit,Summer
1303,2024-04-22,Watermelon,Fruit,Summer
1304,2024-02-19,Potato,Vegetable,All
1304,2024-02-19,Beetroot,Vegetable,Winter
1305,2024-08-21,Bottle Gourd,Vegetable,Rainy
1305,2024-08-21,Coriander,Vegetable,All
1305,2024-08-21,Radish,Vegetable,Rainy
1305,2024-08-21,Brinjal,Vegetable,Rainy
1305,2024-08-21,Onion,Vegetable,All
1306,2024-11-23,Guava,Fruit,Winter
1306,2024-11-23,Potato,Vegetable,All
1306,2024-11-23,Garlic,Vegetable,All
1306,2024-11-23,Cauliflower,Vegetable,Winter
1307,2024-02-01,Cabbage,Vegetable,Winter
1307,2024-02-01,Guava,Fruit,Winter
1307,2024-02-01,Onion,Vegetable,All
1307,2024-02-01,Cauliflower,Vegetable,Winter
1307,2024-02-01,Ginger,Vegetable,All
1308,2024-01-13,Cabbage,Vegetable,Winter
1308,2024-01-13,Cauliflower,Vegetable,Winter
1309,2024-10-19,Coriander,Vegetable,All
1309,2024-10-19,Ginger,Vegetable,All
1310,2024-06-17,Mango,Fruit,Summer
1310,2024-06-17,Capsicum,Vegetable,Summer
1311,2024-12-26,Garlic,Vegetable,All
1311,2024-12-26,Ginger,Vegetable,All
1312,2024-12-01,Ginger,Vegetable,All
1312,2024-12-01,Onion,Vegetable,All
1312,2024-12-01,Green Peas,Vegetable,Winter
1312,2024-12-01,Beetroot,Vegetable,Winter
1313,2024-08-24,Chilli,Vegetable,Rainy
1313,2024-08-24,Garlic,Vegetable,All
1313,2024-08-24,Brinjal,Vegetable,Rainy
1313,2024-08-24,Banana,Fruit,Rainy
1313,2024-08-24,Pumpkin,Vegetable,Rainy
1314,2024-11-21,Beetroot,Vegetable,Winter
1314,2024-11-21,Spinach,Vegetable,Winter
1315,2024-09-15,Pumpkin,Vegetable,Rainy
1315,2024-09-15,Coriander,Vegetable,All
1315,2024-09-15,Garlic,Vegetable,All
1316,2024-11-09,Carrot,Vegetable,Winter
1316,2024-11-09,Spinach,Vegetable,Winter
1316,2024-11-09,Cauliflower,Vegetable,Winter
1316,2024-11-09,Green Peas,Vegetable,Winter
1316,2024-11-09,Ginger,Vegetable,All
1317,2024-02-15,Beetroot,Vegetable,Winter
1317,2024-02-15,Potato,Vegetable,All
1317,2024-02-15,Ginger,Vegetable,All
1317,2024-02-15,Apple,Fruit,Winter
1317,2024-02-15,Carrot,Vegetable,Winter
1318,2024-09-23,Onion,Vegetable,All
1318,2024-09-23,Brinjal,Vegetable,Rainy
1319,2024-08-19,Potato,Vegetable,All
1319,2024-08-19,Coriander,Vegetable,All
1320,2024-05-22,Onion,Vegetable,All
1320,2024-05-22,Mango,Fruit,Summer
1320,2024-05-22,Coriander,Vegetable,All
1321,2024-03-18,Mango,Fruit,Summer
1321,2024-03-18,Papaya,Fruit,Summer
1321,2024-03-18,Muskmelon,Fruit,Summer
1321,2024-03-18,Ginger,Vegetable,All
1321,2024-03-18,Capsicum,Vegetable,Summer
1322,2024-11-21,Onion,Vegetable,All
1322,2024-11-21,Ginger,Vegetable,All
1322,2024-11-21,Carrot,Vegetable,Winter
1322,2024-11-21,Guava,Fruit,Winter
1322,2024-11-21,Cabbage,Vegetable,Winter
1323,2024-04-01,Ginger,Vegetable,All
1323,2024-04-01,Onion,Vegetable,All
1324,2024-12-07,Ginger,Vegetable,All
1324,2024-12-07,Potato,Vegetable,All
1324,2024-12-07,Carrot,Vegetable,Winter
1324,2024-12-07,Garlic,Vegetable,All
1324,2024-12-07,Onion,Vegetable,All
1325,2024-03-09,Potato,Vegetable,All
1325,2024-03-09,Capsicum,Vegetable,Summer
1325,2024-03-09,Muskmelon,Fruit,Summer
1326,2024-10-16,Garlic,Vegetable,All
1326,2024-10-16,Coriander,Vegetable,All
1327,2024-01-07,Green Peas,Vegetable,Winter
1327,2024-01-07,Onion,Vegetable,All
1327,2024-01-07,Ginger,Vegetable,All
1328,2024-07-06,Ginger,Vegetable,All
1328,2024-07-06,Potato,Vegetable,All
1328,2024-07-06,Coriander,Vegetable,All
1329,2024-05-05,Capsicum,Vegetable,Summer
1329,2024-05-05,Muskmelon,Fruit,Summer
1329,2024-05-05,Watermelon,Fruit,Summer
1329,2024-05-05,Ladyfinger,Vegetable,Summer
1329,2024-05-05,Tomato,Vegetable,Summer
1330,2024-03-13,Watermelon,Fruit,Summer
1330,2024-03-13,Onion,Vegetable,All
1330,2024-03-13,Ginger,Vegetable,All
1330,2024-03-13,Mango,Fruit,Summer
1330,2024-03-13,Coriander,Vegetable,All
1331,2024-03-31,Mango,Fruit,Summer
1331,2024-03-31,Ginger,Vegetable,All
1331,2024-03-31,Capsicum,Vegetable,Summer
1332,2024-02-10,Garlic,Vegetable,All
1332,2024-02-10,Spinach,Vegetable,Winter
1332,2024-02-10,Apple,Fruit,Winter
1333,2024-09-24,Potato,Vegetable,All
1333,2024-09-24,Ginger,Vegetable,All
1334,2024-12-01,Ginger,Vegetable,All
1334,2024-12-01,Garlic,Vegetable,All
1334,2024-12-01,Cabbage,Vegetable,Winter
1335,2024-04-16,Tomato,Vegetable,Summer
1335,2024-04-16,Coriander,Vegetable,All
1335,2024-04-16,Onion,Vegetable,All
1336,2024-11-19,Garlic,Vegetable,All
1336,2024-11-19,Beetroot,Vegetable,Winter
1337,2024-12-07,Guava,Fruit,Winter
1337,2024-12-07,Cabbage,Vegetable,Winter
1337,2024-12-07,Green Peas,Vegetable,Winter
1338,2024-08-21,Ginger,Vegetable,All
1338,2024-08-21,Potato,Vegetable,All
1338,2024-08-21,Radish,Vegetable,Rainy
1339,2024-11-03,Apple,Fruit,Winter
1339,2024-11-03,Cauliflower,Vegetable,Winter
1340,2024-05-20,Onion,Vegetable,All
1340,2024-05-20,Coriander,Vegetable,All
1340,2024-05-20,Capsicum,Vegetable,Summer
1340,2024-05-20,Watermelon,Fruit,Summer
1340,2024-05-20,Tomato,Vegetable,Summer
1341,2024-12-24,Cabbage,Vegetable,Winter
1341,2024-12-24,Beetroot,Vegetable,Winter
1341,2024-12-24,Apple,Fruit,Winter
1341,2024-12-24,Garlic,Vegetable,All
1342,2024-08-12,Chilli,Vegetable,Rainy
1342,2024-08-12,Radish,Vegetable,Rainy
1342,2024-08-12,Pumpkin,Vegetable,Rainy
1342,2024-08-12,Banana,Fruit,Rainy
1343,2024-12-07,Green Peas,Vegetable,Winter
1343,2024-12-07,Onion,Vegetable,All
1343,2024-12-07,Guava,Fruit,Winter
1343,2024-12-07,Coriander,Vegetable,All
1343,2024-12-07,Ginger,Vegetable,All
1344,2024-08-19,Onion,Vegetable,All
1344,2024-08-19,Pumpkin,Vegetable,Rainy
1344,2024-08-19,Ginger,Vegetable,All
1344,2024-08-19,Garlic,Vegetable,All
1344,2024-08-19,Coriander,Vegetable,All
1345,2024-02-21,Coriander,Vegetable,All
1345,2024-02-21,Guava,Fruit,Winter
1345,2024-02-21,Beetroot,Vegetable,Winter
1345,2024-02-21,Onion,Vegetable,All
1345,2024-02-21,Ginger,Vegetable,All
1346,2024-11-07,Carrot,Vegetable,Winter
1346,2024-11-07,Spinach,Vegetable,Winter
1346,2024-11-07,Ginger,Vegetable,All
1346,2024-11-07,Coriander,Vegetable,All
1346,2024-11-07,Beetroot,Vegetable,Winter
1347,2024-06-19,Onion,Vegetable,All
1347,2024-06-19,Garlic,Vegetable,All
1347,2024-06-19,Capsicum,Vegetable,Summer
1347,2024-06-19,Mango,Fruit,Summer
1347,2024-06-19,Watermelon,Fruit,Summer
1348,2024-03-02,Potato,Vegetable,All
1348,2024-03-02,Ginger,Vegetable,All
1349,2024-10-11,Potato,Vegetable,All
1349,2024-10-11,Ginger,Vegetable,All
1349,2024-10-11,Onion,Vegetable,All
1350,2024-04-14,Ginger,Vegetable,All
1350,2024-04-14,Papaya,Fruit,Summer
1350,2024-04-14,Coriander,Vegetable,All
1350,2024-04-14,Onion,Vegetable,All
1351,2024-05-17,Pineapple,Fruit,Summer
1351,2024-05-17,Capsicum,Vegetable,Summer
1352,2024-10-04,Garlic,Vegetable,All
1352,2024-10-04,Onion,Vegetable,All
1352,2024-10-04,Ginger,Vegetable,All
1353,2024-10-29,Garlic,Vegetable,All
1353,2024-10-29,Potato,Vegetable,All
1353,2024-10-29,Onion,Vegetable,All
1354,2024-06-10,Onion,Vegetable,All
1354,2024-06-10,Capsicum,Vegetable,Summer
1354,2024-06-10,Ladyfinger,Vegetable,Summer
1355,2024-06-23,Watermelon,Fruit,Summer
1355,2024-06-23,Garlic,Vegetable,All
1355,2024-06-23,Muskmelon,Fruit,Summer
1355,2024-06-23,Ginger,Vegetable,All
1355,2024-06-23,Pineapple,Fruit,Summer
1356,2024-01-11,Guava,Fruit,Winter
1356,2024-01-11,Green Peas,Vegetable,Winter
1356,2024-01-11,Ginger,Vegetable,All
1356,2024-01-11,Beetroot,Vegetable,Winter
1357,2024-08-18,Chilli,Vegetable,Rainy
1357,2024-08-18,Banana,Fruit,Rainy
1357,2024-08-18,Bottle Gourd,Vegetable,Rainy
1357,2024-08-18,Potato,Vegetable,All
1357,2024-08-18,Coriander,Vegetable,All
1358,2024-03-24,Muskmelon,Fruit,Summer
1358,2024-03-24,Capsicum,Vegetable,Summer
1359,2024-05-09,Potato,Vegetable,All
1359,2024-05-09,Ladyfinger,Vegetable,Summer
1360,2024-05-03,Papaya,Fruit,Summer
1360,2024-05-03,Onion,Vegetable,All
1360,2024-05-03,Ginger,Vegetable,All
1360,2024-05-03,Watermelon,Fruit,Summer
1361,2024-03-13,Coriander,Vegetable,All
1361,2024-03-13,Mango,Fruit,Summer
1362,2024-10-17,Coriander,Vegetable,All
1362,2024-10-17,Onion,Vegetable,All
1362,2024-10-17,Potato,Vegetable,All
1363,2024-12-26,Guava,Fruit,Winter
1363,2024-12-26,Garlic,Vegetable,All
1363,2024-12-26,Potato,Vegetable,All
1363,2024-12-26,Cabbage,Vegetable,Winter
1364,2024-08-25,Onion,Vegetable,All
1364,2024-08-25,Radish,Vegetable,Rainy
1364,2024-08-25,Brinjal,Vegetable,Rainy
1364,2024-08-25,Potato,Vegetable,All
1365,2024-02-13,Apple,Fruit,Winter
1365,2024-02-13,Spinach,Vegetable,Winter
1366,2024-02-07,Beetroot,Vegetable,Winter
1366,2024-02-07,Spinach,Vegetable,Winter
1366,2024-02-07,Coriander,Vegetable,All
1366,2024-02-07,Green Peas,Vegetable,Winter
1367,2024-06-01,Papaya,Fruit,Summer
1367,2024-06-01,Ginger,Vegetable,All
1368,2024-03-28,Coriander,Vegetable,All
1368,2024-03-28,Pineapple,Fruit,Summer
1368,2024-03-28,Capsicum,Vegetable,Summer
1368,2024-03-28,Ladyfinger,Vegetable,Summer
1368,2024-03-28,Muskmelon,Fruit,Summer
1369,2024-05-06,Watermelon,Fruit,Summer
1369,2024-05-06,Potato,Vegetable,All
1370,2024-06-22,Ginger,Vegetable,All
1370,2024-06-22,Pineapple,Fruit,Summer
1370,2024-06-22,Watermelon,Fruit,Summer
1370,2024-06-22,Ladyfinger,Vegetable,Summer
1370,2024-06-22,Potato,Vegetable,All
1371,2024-08-19,Bottle Gourd,Vegetable,Rainy
1371,2024-08-19,Brinjal,Vegetable,Rainy
1371,2024-08-19,Banana,Fruit,Rainy
1372,2024-08-16,Banana,Fruit,Rainy
1372,2024-08-16,Radish,Vegetable,Rainy
1372,2024-08-16,Chilli,Vegetable,Rainy
1372,2024-08-16,Onion,Vegetable,All
1372,2024-08-16,Potato,Vegetable,All
1373,2024-03-26,Ginger,Vegetable,All
1373,2024-03-26,Pineapple,Fruit,Summer
1373,2024-03-26,Papaya,Fruit,Summer
1373,2024-03-26,Onion,Vegetable,All
1373,2024-03-26,Tomato,Vegetable,Summer
1374,2024-04-28,Onion,Vegetable,All
1374,2024-04-28,Ladyfinger,Vegetable,Summer
1374,2024-04-28,Mango,Fruit,Summer
1374,2024-04-28,Watermelon,Fruit,Summer
1375,2024-12-14,Apple,Fruit,Winter
1375,2024-12-14,Cabbage,Vegetable,Winter
1376,2024-03-08,Ginger,Vegetable,All
1376,2024-03-08,Papaya,Fruit,Summer
1376,2024-03-08,Capsicum,Vegetable,Summer
1377,2024-11-09,Garlic,Vegetable,All
1377,2024-11-09,Cauliflower,Vegetable,Winter
1378,2024-05-14,Pineapple,Fruit,Summer
1378,2024-05-14,Ginger,Vegetable,All
1378,2024-05-14,Muskmelon,Fruit,Summer
1378,2024-05-14,Garlic,Vegetable,All
1379,2024-01-05,Potato,Vegetable,All
1379,2024-01-05,Green Peas,Vegetable,Winter
1380,2024-10-25,Coriander,Vegetable,All
1380,2024-10-25,Potato,Vegetable,All
1381,2024-06-22,Papaya,Fruit,Summer
1381,2024-06-22,Garlic,Vegetable,All
1381,2024-06-22,Ladyfinger,Vegetable,Summer
1381,2024-06-22,Mango,Fruit,Summer
1381,2024-06-22,Ginger,Vegetable,All
1382,2024-12-01,Potato,Vegetable,All
1382,2024-12-01,Guava,Fruit,Winter
1382,2024-12-01,Ginger,Vegetable,All
1382,2024-12-01,Carrot,Vegetable,Winter
1383,2024-06-20,Coriander,Vegetable,All
1383,2024-06-20,Papaya,Fruit,Summer
1383,2024-06-20,Ladyfinger,Vegetable,Summer
1383,2024-06-20,Mango,Fruit,Summer
1383,2024-06-20,Tomato,Vegetable,Summer
1384,2024-02-07,Green Peas,Vegetable,Winter
1384,2024-02-07,Guava,Fruit,Winter
1384,2024-02-07,Potato,Vegetable,All
1384,2024-02-07,Apple,Fruit,Winter
1384,2024-02-07,Cabbage,Vegetable,Winter
1385,2024-10-26,Ginger,Vegetable,All
1385,2024-10-26,Onion,Vegetable,All
1385,2024-10-26,Garlic,Vegetable,All
1385,2024-10-26,Potato,Vegetable,All
1385,2024-10-26,Coriander,Vegetable,All
1386,2024-07-09,Brinjal,Vegetable,Rainy
1386,2024-07-09,Banana,Fruit,Rainy
1386,2024-07-09,Pumpkin,Vegetable,Rainy
1386,2024-07-09,Potato,Vegetable,All
1387,2024-12-20,Onion,Vegetable,All
1387,2024-12-20,Coriander,Vegetable,All
1387,2024-12-20,Beetroot,Vegetable,Winter
1387,2024-12-20,Potato,Vegetable,All
1388,2024-12-25,Garlic,Vegetable,All
1388,2024-12-25,Cabbage,Vegetable,Winter
1388,2024-12-25,Beetroot,Vegetable,Winter
1389,2024-08-04,Radish,Vegetable,Rainy
1389,2024-08-04,Onion,Vegetable,All
1390,2024-11-19,Apple,Fruit,Winter
1390,2024-11-19,Ginger,Vegetable,All
1390,2024-11-19,Guava,Fruit,Winter
1391,2024-09-09,Bottle Gourd,Vegetable,Rainy
1391,2024-09-09,Ginger,Vegetable,All
1392,2024-09-09,Onion,Vegetable,All
1392,2024-09-09,Radish,Vegetable,Rainy
1392,2024-09-09,Garlic,Vegetable,All
1393,2024-04-03,Pineapple,Fruit,Summer
1393,2024-04-03,Tomato,Vegetable,Summer
1394,2024-07-19,Garlic,Vegetable,All
1394,2024-07-19,Potato,Vegetable,All
1394,2024-07-19,Radish,Vegetable,Rainy
1394,2024-07-19,Onion,Vegetable,All
1394,2024-07-19,Ginger,Vegetable,All
1395,2024-06-30,Watermelon,Fruit,Summer
1395,2024-06-30,Onion,Vegetable,All
1395,2024-06-30,Capsicum,Vegetable,Summer
1396,2024-11-13,Cauliflower,Vegetable,Winter
1396,2024-11-13,Cabbage,Vegetable,Winter
1396,2024-11-13,Onion,Vegetable,All
1397,2024-11-19,Beetroot,Vegetable,Winter
1397,2024-11-19,Green Peas,Vegetable,Winter
1397,2024-11-19,Potato,Vegetable,All
1397,2024-11-19,Cabbage,Vegetable,Winter
1397,2024-11-19,Apple,Fruit,Winter
1398,2024-09-27,Brinjal,Vegetable,Rainy
1398,2024-09-27,Chilli,Vegetable,Rainy
1398,2024-09-27,Pumpkin,Vegetable,Rainy
1398,2024-09-27,Garlic,Vegetable,All
1399,2024-09-27,Radish,Vegetable,Rainy
1399,2024-09-27,Potato,Vegetable,All
1399,2024-09-27,Ginger,Vegetable,All
1400,2024-03-19,Potato,Vegetable,All
1400,2024-03-19,Papaya,Fruit,Summer
1400,2024-03-19,Capsicum,Vegetable,Summer
1401,2024-12-28,Ginger,Vegetable,All
1401,2024-12-28,Cabbage,Vegetable,Winter
1402,2024-07-08,Radish,Vegetable,Rainy
1402,2024-07-08,Pumpkin,Vegetable,Rainy
1402,2024-07-08,Brinjal,Vegetable,Rainy
1402,2024-07-08,Chilli,Vegetable,Rainy
1403,2024-04-05,Pineapple,Fruit,Summer
1403,2024-04-05,Tomato,Vegetable,Summer
1403,2024-04-05,Muskmelon,Fruit,Summer
1403,2024-04-05,Mango,Fruit,Summer
1403,2024-04-05,Watermelon,Fruit,Summer
1404,2024-09-25,Radish,Vegetable,Rainy
1404,2024-09-25,Pumpkin,Vegetable,Rainy
1404,2024-09-25,Brinjal,Vegetable,Rainy
1404,2024-09-25,Onion,Vegetable,All
1405,2024-07-29,Onion,Vegetable,All
1405,2024-07-29,Pumpkin,Vegetable,Rainy
1405,2024-07-29,Banana,Fruit,Rainy
1405,2024-07-29,Chilli,Vegetable,Rainy
1406,2024-05-14,Ginger,Vegetable,All
1406,2024-05-14,Potato,Vegetable,All
1406,2024-05-14,Pineapple,Fruit,Summer
1407,2024-05-30,Potato,Vegetable,All
1407,2024-05-30,Watermelon,Fruit,Summer
1408,2024-07-15,Banana,Fruit,Rainy
1408,2024-07-15,Brinjal,Vegetable,Rainy
1408,2024-07-15,Ginger,Vegetable,All
1408,2024-07-15,Radish,Vegetable,Rainy
1409,2024-05-03,Garlic,Vegetable,All
1409,2024-05-03,Pineapple,Fruit,Summer
1409,2024-05-03,Watermelon,Fruit,Summer
1410,2024-04-08,Capsicum,Vegetable,Summer
1410,2024-04-08,Mango,Fruit,Summer
1411,2024-08-05,Radish,Vegetable,Rainy
1411,2024-08-05,Banana,Fruit,Rainy
1412,2024-09-12,Potato,Vegetable,All
1412,2024-09-12,Brinjal,Vegetable,Rainy
1412,2024-09-12,Radish,Vegetable,Rainy
1412,2024-09-12,Onion,Vegetable,All
1412,2024-09-12,Chilli,Vegetable,Rainy
1413,2024-04-16,Muskmelon,Fruit,Summer
1413,2024-04-16,Mango,Fruit,Summer
1414,2024-11-03,Carrot,Vegetable,Winter
1414,2024-11-03,Green Peas,Vegetable,Winter
1415,2024-08-21,Ginger,Vegetable,All
1415,2024-08-21,Bottle Gourd,Vegetable,Rainy
1415,2024-08-21,Brinjal,Vegetable,Rainy
1415,2024-08-21,Coriander,Vegetable,All
1415,2024-08-21,Radish,Vegetable,Rainy
1416,2024-08-02,Brinjal,Vegetable,Rainy
1416,2024-08-02,Pumpkin,Vegetable,Rainy
1416,2024-08-02,Bottle Gourd,Vegetable,Rainy
1416,2024-08-02,Onion,Vegetable,All
1416,2024-08-02,Coriander,Vegetable,All
1417,2024-06-18,Ginger,Vegetable,All
1417,2024-06-18,Muskmelon,Fruit,Summer
1417,2024-06-18,Onion,Vegetable,All
1417,2024-06-18,Garlic,Vegetable,All
1418,2024-03-03,Capsicum,Vegetable,Summer
1418,2024-03-03,Tomato,Vegetable,Summer
1418,2024-03-03,Mango,Fruit,Summer
1419,2024-06-24,Capsicum,Vegetable,Summer
1419,2024-06-24,Potato,Vegetable,All
1419,2024-06-24,Muskmelon,Fruit,Summer
1419,2024-06-24,Onion,Vegetable,All
1420,2024-08-06,Coriander,Vegetable,All
1420,2024-08-06,Chilli,Vegetable,Rainy
1420,2024-08-06,Garlic,Vegetable,All
1420,2024-08-06,Potato,Vegetable,All
1421,2024-03-03,Capsicum,Vegetable,Summer
1421,2024-03-03,Papaya,Fruit,Summer
1421,2024-03-03,Ginger,Vegetable,All
1421,2024-03-03,Ladyfinger,Vegetable,Summer
1421,2024-03-03,Coriander,Vegetable,All
1422,2024-09-06,Garlic,Vegetable,All
1422,2024-09-06,Pumpkin,Vegetable,Rainy
1422,2024-09-06,Chilli,Vegetable,Rainy
1422,2024-09-06,Ginger,Vegetable,All
1423,2024-05-18,Watermelon,Fruit,Summer
1423,2024-05-18,Ladyfinger,Vegetable,Summer
1424,2024-11-19,Guava,Fruit,Winter
1424,2024-11-19,Onion,Vegetable,All
1424,2024-11-19,Cauliflower,Vegetable,Winter
1424,2024-11-19,Apple,Fruit,Winter
1425,2024-07-28,Garlic,Vegetable,All
1425,2024-07-28,Banana,Fruit,Rainy
1425,2024-07-28,Chilli,Vegetable,Rainy
1425,2024-07-28,Potato,Vegetable,All
1425,2024-07-28,Coriander,Vegetable,All
1426,2024-07-19,Potato,Vegetable,All
1426,2024-07-19,Ginger,Vegetable,All
1426,2024-07-19,Radish,Vegetable,Rainy
1426,2024-07-19,Garlic,Vegetable,All
1427,2024-07-14,Garlic,Vegetable,All
1427,2024-07-14,Ginger,Vegetable,All
1427,2024-07-14,Pumpkin,Vegetable,Rainy
1428,2024-05-16,Tomato,Vegetable,Summer
1428,2024-05-16,Onion,Vegetable,All
1429,2024-07-30,Potato,Vegetable,All
1429,2024-07-30,Onion,Vegetable,All
1429,2024-07-30,Chilli,Vegetable,Rainy
1429,2024-07-30,Radish,Vegetable,Rainy
1429,2024-07-30,Banana,Fruit,Rainy
1430,2024-11-24,Apple,Fruit,Winter
1430,2024-11-24,Coriander,Vegetable,All
1430,2024-11-24,Guava,Fruit,Winter
1430,2024-11-24,Garlic,Vegetable,All
1430,2024-11-24,Onion,Vegetable,All
1431,2024-08-17,Ginger,Vegetable,All
1431,2024-08-17,Chilli,Vegetable,Rainy
1432,2024-10-01,Coriander,Vegetable,All
1432,2024-10-01,Potato,Vegetable,All
1433,2024-07-23,Bottle Gourd,Vegetable,Rainy
1433,2024-07-23,Pumpkin,Vegetable,Rainy
1433,2024-07-23,Coriander,Vegetable,All
1433,2024-07-23,Potato,Vegetable,All
1433,2024-07-23,Garlic,Vegetable,All
1434,2024-10-24,Potato,Vegetable,All
1434,2024-10-24,Garlic,Vegetable,All
1434,2024-10-24,Onion,Vegetable,All
1435,2024-09-03,Chilli,Vegetable,Rainy
1435,2024-09-03,Coriander,Vegetable,All
1436,2024-02-28,Beetroot,Vegetable,Winter
1436,2024-02-28,Carrot,Vegetable,Winter
1436,2024-02-28,Onion,Vegetable,All
1436,2024-02-28,Green Peas,Vegetable,Winter
1437,2024-01-09,Beetroot,Vegetable,Winter
1437,2024-01-09,Cabbage,Vegetable,Winter
1437,2024-01-09,Carrot,Vegetable,Winter
1437,2024-01-09,Coriander,Vegetable,All
1438,2024-10-18,Garlic,Vegetable,All
1438,2024-10-18,Onion,Vegetable,All
1438,2024-10-18,Ginger,Vegetable,All
1439,2024-11-18,Coriander,Vegetable,All
1439,2024-11-18,Apple,Fruit,Winter
1439,2024-11-18,Guava,Fruit,Winter
1439,2024-11-18,Carrot,Vegetable,Winter
1440,2024-03-27,Pineapple,Fruit,Summer
1440,2024-03-27,Capsicum,Vegetable,Summer
1440,2024-03-27,Ginger,Vegetable,All
1441,2024-12-27,Apple,Fruit,Winter
1441,2024-12-27,Carrot,Vegetable,Winter
1442,2024-02-28,Carrot,Vegetable,Winter
1442,2024-02-28,Green Peas,Vegetable,Winter
1442,2024-02-28,Guava,Fruit,Winter
1443,2024-10-08,Coriander,Vegetable,All
1443,2024-10-08,Ginger,Vegetable,All
1443,2024-10-08,Onion,Vegetable,All
1443,2024-10-08,Potato,Vegetable,All
1443,2024-10-08,Garlic,Vegetable,All
1444,2024-07-26,Bottle Gourd,Vegetable,Rainy
1444,2024-07-26,Onion,Vegetable,All
1445,2024-09-09,Garlic,Vegetable,All
1445,2024-09-09,Potato,Vegetable,All
1445,2024-09-09,Pumpkin,Vegetable,Rainy
1445,2024-09-09,Brinjal,Vegetable,Rainy
1445,2024-09-09,Banana,Fruit,Rainy
1446,2024-12-28,Guava,Fruit,Winter
1446,2024-12-28,Beetroot,Vegetable,Winter
1446,2024-12-28,Ginger,Vegetable,All
1447,2024-03-05,Ladyfinger,Vegetable,Summer
1447,2024-03-05,Ginger,Vegetable,All
1448,2024-08-23,Radish,Vegetable,Rainy
1448,2024-08-23,Bottle Gourd,Vegetable,Rainy
1448,2024-08-23,Ginger,Vegetable,All
1448,2024-08-23,Onion,Vegetable,All
1449,2024-07-14,Ginger,Vegetable,All
1449,2024-07-14,Garlic,Vegetable,All
1449,2024-07-14,Brinjal,Vegetable,Rainy
1449,2024-07-14,Bottle Gourd,Vegetable,Rainy
1450,2024-03-03,Pineapple,Fruit,Summer
1450,2024-03-03,Garlic,Vegetable,All
1450,2024-03-03,Capsicum,Vegetable,Summer
1451,2024-06-20,Garlic,Vegetable,All
1451,2024-06-20,Onion,Vegetable,All
1451,2024-06-20,Muskmelon,Fruit,Summer
1451,2024-06-20,Coriander,Vegetable,All
1452,2024-07-26,Chilli,Vegetable,Rainy
1452,2024-07-26,Potato,Vegetable,All
1453,2024-01-05,Potato,Vegetable,All
1453,2024-01-05,Apple,Fruit,Winter
1453,2024-01-05,Beetroot,Vegetable,Winter
1453,2024-01-05,Cabbage,Vegetable,Winter
1454,2024-05-08,Ginger,Vegetable,All
1454,2024-05-08,Potato,Vegetable,All
1454,2024-05-08,Muskmelon,Fruit,Summer
1454,2024-05-08,Onion,Vegetable,All
1454,2024-05-08,Coriander,Vegetable,All
1455,2024-01-08,Cauliflower,Vegetable,Winter
1455,2024-01-08,Guava,Fruit,Winter
1455,2024-01-08,Cabbage,Vegetable,Winter
1455,2024-01-08,Potato,Vegetable,All
1456,2024-03-18,Onion,Vegetable,All
1456,2024-03-18,Ladyfinger,Vegetable,Summer
1456,2024-03-18,Papaya,Fruit,Summer
1456,2024-03-18,Capsicum,Vegetable,Summer
1457,2024-09-17,Potato,Vegetable,All
1457,2024-09-17,Coriander,Vegetable,All
1457,2024-09-17,Garlic,Vegetable,All
1457,2024-09-17,Chilli,Vegetable,Rainy
1457,2024-09-17,Ginger,Vegetable,All
1458,2024-11-01,Cauliflower,Vegetable,Winter
1458,2024-11-01,Spinach,Vegetable,Winter
1458,2024-11-01,Carrot,Vegetable,Winter
1459,2024-12-11,Ginger,Vegetable,All
1459,2024-12-11,Green Peas,Vegetable,Winter
1459,2024-12-11,Carrot,Vegetable,Winter
1459,2024-12-11,Spinach,Vegetable,Winter
1460,2024-10-31,Coriander,Vegetable,All
1460,2024-10-31,Garlic,Vegetable,All
1461,2024-03-06,Coriander,Vegetable,All
1461,2024-03-06,Mango,Fruit,Summer
1461,2024-03-06,Papaya,Fruit,Summer
1461,2024-03-06,Pineapple,Fruit,Summer
1461,2024-03-06,Tomato,Vegetable,Summer
1462,2024-10-27,Potato,Vegetable,All
1462,2024-10-27,Garlic,Vegetable,All
1462,2024-10-27,Onion,Vegetable,All
1463,2024-11-04,Ginger,Vegetable,All
1463,2024-11-04,Cauliflower,Vegetable,Winter
1464,2024-12-07,Onion,Vegetable,All
1464,2024-12-07,Coriander,Vegetable,All
1464,2024-12-07,Ginger,Vegetable,All
1464,2024-12-07,Carrot,Vegetable,Winter
1464,2024-12-07,Guava,Fruit,Winter
1465,2024-10-29,Garlic,Vegetable,All
1465,2024-10-29,Potato,Vegetable,All
1465,2024-10-29,Onion,Vegetable,All
1466,2024-03-02,Muskmelon,Fruit,Summer
1466,2024-03-02,Mango,Fruit,Summer
1467,2024-03-05,Ladyfinger,Vegetable,Summer
1467,2024-03-05,Watermelon,Fruit,Summer
1467,2024-03-05,Muskmelon,Fruit,Summer
1468,2024-12-09,Coriander,Vegetable,All
1468,2024-12-09,Onion,Vegetable,All
1468,2024-12-09,Ginger,Vegetable,All
1468,2024-12-09,Garlic,Vegetable,All
1468,2024-12-09,Cabbage,Vegetable,Winter
1469,2024-06-16,Tomato,Vegetable,Summer
1469,2024-06-16,Potato,Vegetable,All
1469,2024-06-16,Mango,Fruit,Summer
1470,2024-02-16,Apple,Fruit,Winter
1470,2024-02-16,Spinach,Vegetable,Winter
1471,2024-05-28,Potato,Vegetable,All
1471,2024-05-28,Onion,Vegetable,All
1472,2024-12-24,Garlic,Vegetable,All
1472,2024-12-24,Beetroot,Vegetable,Winter
1473,2024-06-04,Capsicum,Vegetable,Summer
1473,2024-06-04,Garlic,Vegetable,All
1474,2024-01-16,Garlic,Vegetable,All
1474,2024-01-16,Ginger,Vegetable,All
1474,2024-01-16,Spinach,Vegetable,Winter
1475,2024-08-29,Onion,Vegetable,All
1475,2024-08-29,Chilli,Vegetable,Rainy
1476,2024-06-25,Ladyfinger,Vegetable,Summer
1476,2024-06-25,Papaya,Fruit,Summer
1476,2024-06-25,Ginger,Vegetable,All
1477,2024-02-07,Potato,Vegetable,All
1477,2024-02-07,Guava,Fruit,Winter
1477,2024-02-07,Onion,Vegetable,All
1477,2024-02-07,Spinach,Vegetable,Winter
1477,2024-02-07,Cabbage,Vegetable,Winter
1478,2024-12-17,Cabbage,Vegetable,Winter
1478,2024-12-17,Beetroot,Vegetable,Winter
1478,2024-12-17,Carrot,Vegetable,Winter
1478,2024-12-17,Onion,Vegetable,All
1478,2024-12-17,Ginger,Vegetable,All
1479,2024-07-11,Onion,Vegetable,All
1479,2024-07-11,Brinjal,Vegetable,Rainy
1480,2024-04-13,Papaya,Fruit,Summer
1480,2024-04-13,Ladyfinger,Vegetable,Summer
1480,2024-04-13,Pineapple,Fruit,Summer
1481,2024-12-09,Spinach,Vegetable,Winter
1481,2024-12-09,Carrot,Vegetable,Winter
1481,2024-12-09,Coriander,Vegetable,All
1482,2024-09-29,Coriander,Vegetable,All
1482,2024-09-29,Radish,Vegetable,Rainy
1483,2024-05-21,Ladyfinger,Vegetable,Summer
1483,2024-05-21,Garlic,Vegetable,All
1484,2024-11-06,Coriander,Vegetable,All
1484,2024-11-06,Guava,Fruit,Winter
1485,2024-04-01,Tomato,Vegetable,Summer
1485,2024-04-01,Watermelon,Fruit,Summer
1485,2024-04-01,Capsicum,Vegetable,Summer
1486,2024-04-27,Pineapple,Fruit,Summer
1486,2024-04-27,Capsicum,Vegetable,Summer
1486,2024-04-27,Tomato,Vegetable,Summer
1486,2024-04-27,Garlic,Vegetable,All
1486,2024-04-27,Watermelon,Fruit,Summer
1487,2024-03-29,Pineapple,Fruit,Summer
1487,2024-03-29,Potato,Vegetable,All
1487,2024-03-29,Tomato,Vegetable,Summer
1487,2024-03-29,Muskmelon,Fruit,Summer
1488,2024-12-18,Beetroot,Vegetable,Winter
1488,2024-12-18,Guava,Fruit,Winter
1489,2024-10-17,Onion,Vegetable,All
1489,2024-10-17,Potato,Vegetable,All
1489,2024-10-17,Ginger,Vegetable,All
1490,2024-03-29,Potato,Vegetable,All
1490,2024-03-29,Watermelon,Fruit,Summer
1491,2024-08-17,Bottle Gourd,Vegetable,Rainy
1491,2024-08-17,Potato,Vegetable,All
1491,2024-08-17,Pumpkin,Vegetable,Rainy
1492,2024-05-27,Garlic,Vegetable,All
1492,2024-05-27,Capsicum,Vegetable,Summer
1493,2024-11-04,Guava,Fruit,Winter
1493,2024-11-04,Carrot,Vegetable,Winter
1494,2024-12-21,Ginger,Vegetable,All
1494,2024-12-21,Cauliflower,Vegetable,Winter
1494,2024-12-21,Cabbage,Vegetable,Winter
1494,2024-12-21,Apple,Fruit,Winter
1494,2024-12-21,Coriander,Vegetable,All
1495,2024-06-12,Ginger,Vegetable,All
1495,2024-06-12,Watermelon,Fruit,Summer
1495,2024-06-12,Ladyfinger,Vegetable,Summer
1496,2024-03-11,Mango,Fruit,Summer
1496,2024-03-11,Ladyfinger,Vegetable,Summer
1496,2024-03-11,Tomato,Vegetable,Summer
1497,2024-06-22,Coriander,Vegetable,All
1497,2024-06-22,Ginger,Vegetable,All
1497,2024-06-22,Papaya,Fruit,Summer
1497,2024-06-22,Ladyfinger,Vegetable,Summer
1498,2024-02-27,Green Peas,Vegetable,Winter
1498,2024-02-27,Carrot,Vegetable,Winter
1498,2024-02-27,Ginger,Vegetable,All
1498,2024-02-27,Potato,Vegetable,All
1499,2024-03-30,Ginger,Vegetable,All
1499,2024-03-30,Watermelon,Fruit,Summer
1499,2024-03-30,Ladyfinger,Vegetable,Summer
1499,2024-03-30,Capsicum,Vegetable,Summer
1499,2024-03-30,Potato,Vegetable,All
1500,2024-05-06,Tomato,Vegetable,Summer
1500,2024-05-06,Watermelon,Fruit,Summer
1500,2024-05-06,Pineapple,Fruit,Summer
1501,2024-02-06,Green Peas,Vegetable,Winter
1501,2024-02-06,Coriander,Vegetable,All
1501,2024-02-06,Cauliflower,Vegetable,Winter
1501,2024-02-06,Spinach,Vegetable,Winter
1501,2024-02-06,Cabbage,Vegetable,Winter
1502,2024-11-06,Cabbage,Vegetable,Winter
1502,2024-11-06,Apple,Fruit,Winter
1503,2024-01-24,Garlic,Vegetable,All
1503,2024-01-24,Ginger,Vegetable,All
1503,2024-01-24,Potato,Vegetable,All
1503,2024-01-24,Onion,Vegetable,All
1503,2024-01-24,Apple,Fruit,Winter
1504,2024-01-22,Carrot,Vegetable,Winter
1504,2024-01-22,Cauliflower,Vegetable,Winter
1505,2024-02-05,Carrot,Vegetable,Winter
1505,2024-02-05,Apple,Fruit,Winter
1505,2024-02-05,Garlic,Vegetable,All
1505,2024-02-05,Onion,Vegetable,All
1505,2024-02-05,Ginger,Vegetable,All
1506,2024-09-16,Potato,Vegetable,All
1506,2024-09-16,Pumpkin,Vegetable,Rainy
1506,2024-09-16,Ginger,Vegetable,All
1506,2024-09-16,Garlic,Vegetable,All
1507,2024-02-09,Carrot,Vegetable,Winter
1507,2024-02-09,Ginger,Vegetable,All
1507,2024-02-09,Garlic,Vegetable,All
1508,2024-03-18,Mango,Fruit,Summer
1508,2024-03-18,Pineapple,Fruit,Summer
1509,2024-02-03,Apple,Fruit,Winter
1509,2024-02-03,Ginger,Vegetable,All
1510,2024-05-09,Garlic,Vegetable,All
1510,2024-05-09,Ginger,Vegetable,All
1510,2024-05-09,Capsicum,Vegetable,Summer
1511,2024-06-20,Onion,Vegetable,All
1511,2024-06-20,Muskmelon,Fruit,Summer
1511,2024-06-20,Mango,Fruit,Summer
1511,2024-06-20,Watermelon,Fruit,Summer
1511,2024-06-20,Garlic,Vegetable,All
1512,2024-07-15,Pumpkin,Vegetable,Rainy
1512,2024-07-15,Radish,Vegetable,Rainy
1513,2024-12-03,Cabbage,Vegetable,Winter
1513,2024-12-03,Onion,Vegetable,All
1513,2024-12-03,Cauliflower,Vegetable,Winter
1513,2024-12-03,Apple,Fruit,Winter
1513,2024-12-03,Spinach,Vegetable,Winter
1514,2024-08-12,Ginger,Vegetable,All
1514,2024-08-12,Potato,Vegetable,All
1515,2024-06-05,Coriander,Vegetable,All
1515,2024-06-05,Ladyfinger,Vegetable,Summer
1515,2024-06-05,Papaya,Fruit,Summer
1515,2024-06-05,Watermelon,Fruit,Summer
1516,2024-11-08,Garlic,Vegetable,All
1516,2024-11-08,Onion,Vegetable,All
1516,2024-11-08,Beetroot,Vegetable,Winter
1516,2024-11-08,Coriander,Vegetable,All
1516,2024-11-08,Cauliflower,Vegetable,Winter
1517,2024-06-23,Ginger,Vegetable,All
1517,2024-06-23,Ladyfinger,Vegetable,Summer
1518,2024-04-11,Garlic,Vegetable,All
1518,2024-04-11,Capsicum,Vegetable,Summer
1518,2024-04-11,Potato,Vegetable,All
1518,2024-04-11,Mango,Fruit,Summer
1518,2024-04-11,Watermelon,Fruit,Summer
1519,2024-08-11,Coriander,Vegetable,All
1519,2024-08-11,Brinjal,Vegetable,Rainy
1519,2024-08-11,Bottle Gourd,Vegetable,Rainy
1519,2024-08-11,Potato,Vegetable,All
1519,2024-08-11,Chilli,Vegetable,Rainy
1520,2024-01-24,Beetroot,Vegetable,Winter
1520,2024-01-24,Onion,Vegetable,All
1520,2024-01-24,Guava,Fruit,Winter
1520,2024-01-24,Green Peas,Vegetable,Winter
1520,2024-01-24,Cauliflower,Vegetable,Winter
1521,2024-06-22,Ginger,Vegetable,All
1521,2024-06-22,Onion,Vegetable,All
1521,2024-06-22,Garlic,Vegetable,All
1521,2024-06-22,Coriander,Vegetable,All
1522,2024-02-10,Cauliflower,Vegetable,Winter
1522,2024-02-10,Spinach,Vegetable,Winter
1522,2024-02-10,Beetroot,Vegetable,Winter
1522,2024-02-10,Onion,Vegetable,All
1522,2024-02-10,Guava,Fruit,Winter
1523,2024-05-15,Muskmelon,Fruit,Summer
1523,2024-05-15,Tomato,Vegetable,Summer
1523,2024-05-15,Ladyfinger,Vegetable,Summer
1523,2024-05-15,Ginger,Vegetable,All
1523,2024-05-15,Papaya,Fruit,Summer
1524,2024-01-31,Garlic,Vegetable,All
1524,2024-01-31,Cauliflower,Vegetable,Winter
1524,2024-01-31,Cabbage,Vegetable,Winter
1524,2024-01-31,Green Peas,Vegetable,Winter
1525,2024-02-12,Potato,Vegetable,All
1525,2024-02-12,Spinach,Vegetable,Winter
1525,2024-02-12,Cabbage,Vegetable,Winter
1526,2024-10-09,Ginger,Vegetable,All
1526,2024-10-09,Onion,Vegetable,All
1526,2024-10-09,Potato,Vegetable,All
1527,2024-05-13,Capsicum,Vegetable,Summer
1527,2024-05-13,Onion,Vegetable,All
1527,2024-05-13,Ladyfinger,Vegetable,Summer
1527,2024-05-13,Watermelon,Fruit,Summer
1528,2024-09-03,Chilli,Vegetable,Rainy
1528,2024-09-03,Coriander,Vegetable,All
1529,2024-02-25,Beetroot,Vegetable,Winter
1529,2024-02-25,Garlic,Vegetable,All
1530,2024-07-04,Garlic,Vegetable,All
1530,2024-07-04,Coriander,Vegetable,All
1530,2024-07-04,Chilli,Vegetable,Rainy
1530,2024-07-04,Bottle Gourd,Vegetable,Rainy
1531,2024-07-16,Banana,Fruit,Rainy
1531,2024-07-16,Onion,Vegetable,All
1531,2024-07-16,Potato,Vegetable,All
1531,2024-07-16,Brinjal,Vegetable,Rainy
1531,2024-07-16,Ginger,Vegetable,All
1532,2024-10-29,Garlic,Vegetable,All
1532,2024-10-29,Onion,Vegetable,All
1533,2024-09-05,Coriander,Vegetable,All
1533,2024-09-05,Brinjal,Vegetable,Rainy
1533,2024-09-05,Radish,Vegetable,Rainy
1534,2024-09-04,Pumpkin,Vegetable,Rainy
1534,2024-09-04,Coriander,Vegetable,All
1534,2024-09-04,Potato,Vegetable,All
1535,2024-03-15,Watermelon,Fruit,Summer
1535,2024-03-15,Onion,Vegetable,All
1536,2024-05-03,Pineapple,Fruit,Summer
1536,2024-05-03,Potato,Vegetable,All
1536,2024-05-03,Muskmelon,Fruit,Summer
1537,2024-07-05,Pumpkin,Vegetable,Rainy
1537,2024-07-05,Banana,Fruit,Rainy
1537,2024-07-05,Onion,Vegetable,All
1537,2024-07-05,Brinjal,Vegetable,Rainy
1538,2024-02-16,Coriander,Vegetable,All
1538,2024-02-16,Onion,Vegetable,All
1538,2024-02-16,Cauliflower,Vegetable,Winter
1538,2024-02-16,Ginger,Vegetable,All
1538,2024-02-16,Guava,Fruit,Winter
1539,2024-05-28,Mango,Fruit,Summer
1539,2024-05-28,Garlic,Vegetable,All
1539,2024-05-28,Papaya,Fruit,Summer
1539,2024-05-28,Muskmelon,Fruit,Summer
1539,2024-05-28,Coriander,Vegetable,All
1540,2024-02-24,Cauliflower,Vegetable,Winter
1540,2024-02-24,Potato,Vegetable,All
1541,2024-05-23,Capsicum,Vegetable,Summer
1541,2024-05-23,Coriander,Vegetable,All
1541,2024-05-23,Watermelon,Fruit,Summer
1541,2024-05-23,Ladyfinger,Vegetable,Summer
1541,2024-05-23,Mango,Fruit,Summer
1542,2024-01-03,Apple,Fruit,Winter
1542,2024-01-03,Coriander,Vegetable,All
1542,2024-01-03,Guava,Fruit,Winter
1542,2024-01-03,Cabbage,Vegetable,Winter
1542,2024-01-03,Spinach,Vegetable,Winter
1543,2024-11-06,Cabbage,Vegetable,Winter
1543,2024-11-06,Carrot,Vegetable,Winter
1543,2024-11-06,Apple,Fruit,Winter
1543,2024-11-06,Guava,Fruit,Winter
1543,2024-11-06,Spinach,Vegetable,Winter
1544,2024-07-31,Bottle Gourd,Vegetable,Rainy
1544,2024-07-31,Garlic,Vegetable,All
1544,2024-07-31,Potato,Vegetable,All
1544,2024-07-31,Chilli,Vegetable,Rainy
1544,2024-07-31,Coriander,Vegetable,All
1545,2024-08-26,Garlic,Vegetable,All
1545,2024-08-26,Potato,Vegetable,All
1545,2024-08-26,Coriander,Vegetable,All
1545,2024-08-26,Bottle Gourd,Vegetable,Rainy
1545,2024-08-26,Radish,Vegetable,Rainy
1546,2024-02-20,Ginger,Vegetable,All
1546,2024-02-20,Cauliflower,Vegetable,Winter
1546,2024-02-20,Cabbage,Vegetable,Winter
1547,2024-06-29,Ginger,Vegetable,All
1547,2024-06-29,Pineapple,Fruit,Summer
1547,2024-06-29,Papaya,Fruit,Summer
1548,2024-11-28,Cauliflower,Vegetable,Winter
1548,2024-11-28,Guava,Fruit,Winter
1549,2024-09-24,Bottle Gourd,Vegetable,Rainy
1549,2024-09-24,Chilli,Vegetable,Rainy
1550,2024-06-28,Mango,Fruit,Summer
1550,2024-06-28,Papaya,Fruit,Summer
1550,2024-06-28,Pineapple,Fruit,Summer
1550,2024-06-28,Watermelon,Fruit,Summer
1550,2024-06-28,Coriander,Vegetable,All
1551,2024-11-06,Potato,Vegetable,All
1551,2024-11-06,Spinach,Vegetable,Winter
1551,2024-11-06,Carrot,Vegetable,Winter
1552,2024-01-10,Guava,Fruit,Winter
1552,2024-01-10,Ginger,Vegetable,All
1552,2024-01-10,Onion,Vegetable,All
1552,2024-01-10,Garlic,Vegetable,All
1553,2024-04-09,Potato,Vegetable,All
1553,2024-04-09,Papaya,Fruit,Summer
1553,2024-04-09,Ladyfinger,Vegetable,Summer
1553,2024-04-09,Muskmelon,Fruit,Summer
1553,2024-04-09,Mango,Fruit,Summer
1554,2024-10-31,Onion,Vegetable,All
1554,2024-10-31,Potato,Vegetable,All
1554,2024-10-31,Coriander,Vegetable,All
1554,2024-10-31,Garlic,Vegetable,All
1555,2024-08-29,Brinjal,Vegetable,Rainy
1555,2024-08-29,Potato,Vegetable,All
1555,2024-08-29,Onion,Vegetable,All
1555,2024-08-29,Garlic,Vegetable,All
1556,2024-09-28,Banana,Fruit,Rainy
1556,2024-09-28,Potato,Vegetable,All
1557,2024-04-27,Ladyfinger,Vegetable,Summer
1557,2024-04-27,Capsicum,Vegetable,Summer
1557,2024-04-27,Ginger,Vegetable,All
1557,2024-04-27,Papaya,Fruit,Summer
1557,2024-04-27,Mango,Fruit,Summer
1558,2024-10-14,Garlic,Vegetable,All
1558,2024-10-14,Onion,Vegetable,All
1559,2024-09-21,Banana,Fruit,Rainy
1559,2024-09-21,Onion,Vegetable,All
1559,2024-09-21,Garlic,Vegetable,All
1560,2024-06-04,Capsicum,Vegetable,Summer
1560,2024-06-04,Garlic,Vegetable,All
1561,2024-11-09,Coriander,Vegetable,All
1561,2024-11-09,Onion,Vegetable,All
1561,2024-11-09,Cabbage,Vegetable,Winter
1561,2024-11-09,Cauliflower,Vegetable,Winter
1562,2024-06-21,Coriander,Vegetable,All
1562,2024-06-21,Ladyfinger,Vegetable,Summer
1562,2024-06-21,Garlic,Vegetable,All
1562,2024-06-21,Potato,Vegetable,All
1562,2024-06-21,Mango,Fruit,Summer
1563,2024-09-01,Onion,Vegetable,All
1563,2024-09-01,Brinjal,Vegetable,Rainy
1563,2024-09-01,Coriander,Vegetable,All
1563,2024-09-01,Chilli,Vegetable,Rainy
1564,2024-06-21,Coriander,Vegetable,All
1564,2024-06-21,Potato,Vegetable,All
1565,2024-07-31,Banana,Fruit,Rainy
1565,2024-07-31,Pumpkin,Vegetable,Rainy
1565,2024-07-31,Brinjal,Vegetable,Rainy
1565,2024-07-31,Garlic,Vegetable,All
1566,2024-09-21,Potato,Vegetable,All
1566,2024-09-21,Banana,Fruit,Rainy
1567,2024-04-20,Mango,Fruit,Summer
1567,2024-04-20,Muskmelon,Fruit,Summer
1567,2024-04-20,Garlic,Vegetable,All
1567,2024-04-20,Papaya,Fruit,Summer
1568,2024-08-08,Pumpkin,Vegetable,Rainy
1568,2024-08-08,Ginger,Vegetable,All
1568,2024-08-08,Chilli,Vegetable,Rainy
1568,2024-08-08,Banana,Fruit,Rainy
1569,2024-02-26,Coriander,Vegetable,All
1569,2024-02-26,Ginger,Vegetable,All
1569,2024-02-26,Beetroot,Vegetable,Winter
1569,2024-02-26,Cauliflower,Vegetable,Winter
1570,2024-05-21,Onion,Vegetable,All
1570,2024-05-21,Muskmelon,Fruit,Summer
1570,2024-05-21,Ginger,Vegetable,All
1570,2024-05-21,Mango,Fruit,Summer
1571,2024-06-22,Watermelon,Fruit,Summer
1571,2024-06-22,Onion,Vegetable,All
1572,2024-05-12,Coriander,Vegetable,All
1572,2024-05-12,Potato,Vegetable,All
1572,2024-05-12,Muskmelon,Fruit,Summer
1573,2024-01-12,Spinach,Vegetable,Winter
1573,2024-01-12,Coriander,Vegetable,All
1574,2024-07-21,Potato,Vegetable,All
1574,2024-07-21,Bottle Gourd,Vegetable,Rainy
1574,2024-07-21,Coriander,Vegetable,All
1574,2024-07-21,Ginger,Vegetable,All
1575,2024-05-20,Capsicum,Vegetable,Summer
1575,2024-05-20,Watermelon,Fruit,Summer
1575,2024-05-20,Muskmelon,Fruit,Summer
1575,2024-05-20,Pineapple,Fruit,Summer
1576,2024-08-13,Radish,Vegetable,Rainy
1576,2024-08-13,Chilli,Vegetable,Rainy
1576,2024-08-13,Brinjal,Vegetable,Rainy
1576,2024-08-13,Ginger,Vegetable,All
1577,2024-09-19,Banana,Fruit,Rainy
1577,2024-09-19,Ginger,Vegetable,All
1577,2024-09-19,Pumpkin,Vegetable,Rainy
1578,2024-05-26,Capsicum,Vegetable,Summer
1578,2024-05-26,Muskmelon,Fruit,Summer
1578,2024-05-26,Tomato,Vegetable,Summer
1578,2024-05-26,Potato,Vegetable,All
1578,2024-05-26,Ladyfinger,Vegetable,Summer
1579,2024-05-13,Coriander,Vegetable,All
1579,2024-05-13,Garlic,Vegetable,All
1579,2024-05-13,Mango,Fruit,Summer
1579,2024-05-13,Pineapple,Fruit,Summer
1580,2024-03-27,Coriander,Vegetable,All
1580,2024-03-27,Capsicum,Vegetable,Summer
1581,2024-01-23,Spinach,Vegetable,Winter
1581,2024-01-23,Cabbage,Vegetable,Winter
1581,2024-01-23,Coriander,Vegetable,All
1581,2024-01-23,Garlic,Vegetable,All
1581,2024-01-23,Green Peas,Vegetable,Winter
1582,2024-03-07,Onion,Vegetable,All
1582,2024-03-07,Coriander,Vegetable,All
1582,2024-03-07,Tomato,Vegetable,Summer
1583,2024-01-27,Garlic,Vegetable,All
1583,2024-01-27,Coriander,Vegetable,All
1584,2024-03-02,Tomato,Vegetable,Summer
1584,2024-03-02,Mango,Fruit,Summer
1584,2024-03-02,Muskmelon,Fruit,Summer
1585,2024-05-23,Watermelon,Fruit,Summer
1585,2024-05-23,Ginger,Vegetable,All
1585,2024-05-23,Potato,Vegetable,All
1586,2024-10-24,Onion,Vegetable,All
1586,2024-10-24,Ginger,Vegetable,All
1586,2024-10-24,Garlic,Vegetable,All
1586,2024-10-24,Potato,Vegetable,All
1586,2024-10-24,Coriander,Vegetable,All
1587,2024-03-16,Watermelon,Fruit,Summer
1587,2024-03-16,Coriander,Vegetable,All
1587,2024-03-16,Papaya,Fruit,Summer
1587,2024-03-16,Tomato,Vegetable,Summer
1587,2024-03-16,Garlic,Vegetable,All
1588,2024-03-24,Mango,Fruit,Summer
1588,2024-03-24,Tomato,Vegetable,Summer
1588,2024-03-24,Onion,Vegetable,All
1589,2024-09-30,Pumpkin,Vegetable,Rainy
1589,2024-09-30,Chilli,Vegetable,Rainy
1589,2024-09-30,Brinjal,Vegetable,Rainy
1590,2024-10-12,Potato,Vegetable,All
1590,2024-10-12,Coriander,Vegetable,All
1591,2024-06-07,Pineapple,Fruit,Summer
1591,2024-06-07,Muskmelon,Fruit,Summer
1592,2024-10-01,Onion,Vegetable,All
1592,2024-10-01,Coriander,Vegetable,All
1592,2024-10-01,Ginger,Vegetable,All
1592,2024-10-01,Potato,Vegetable,All
1592,2024-10-01,Garlic,Vegetable,All
1593,2024-01-05,Guava,Fruit,Winter
1593,2024-01-05,Beetroot,Vegetable,Winter
1593,2024-01-05,Coriander,Vegetable,All
1593,2024-01-05,Cauliflower,Vegetable,Winter
1593,2024-01-05,Potato,Vegetable,All
1594,2024-01-07,Cabbage,Vegetable,Winter
1594,2024-01-07,Potato,Vegetable,All
1595,2024-07-04,Chilli,Vegetable,Rainy
1595,2024-07-04,Banana,Fruit,Rainy
1595,2024-07-04,Potato,Vegetable,All
1595,2024-07-04,Brinjal,Vegetable,Rainy
1595,2024-07-04,Coriander,Vegetable,All
1596,2024-12-30,Apple,Fruit,Winter
1596,2024-12-30,Potato,Vegetable,All
1596,2024-12-30,Onion,Vegetable,All
1596,2024-12-30,Ginger,Vegetable,All
1597,2024-06-18,Mango,Fruit,Summer
1597,2024-06-18,Coriander,Vegetable,All
1598,2024-06-05,Watermelon,Fruit,Summer
1598,2024-06-05,Ginger,Vegetable,All
1599,2024-01-14,Spinach,Vegetable,Winter
1599,2024-01-14,Onion,Vegetable,All
1599,2024-01-14,Ginger,Vegetable,All
1599,2024-01-14,Coriander,Vegetable,All
1600,2024-01-12,Carrot,Vegetable,Winter
1600,2024-01-12,Cauliflower,Vegetable,Winter
1601,2024-04-14,Papaya,Fruit,Summer
1601,2024-04-14,Ginger,Vegetable,All
1601,2024-04-14,Mango,Fruit,Summer
1601,2024-04-14,Pineapple,Fruit,Summer
1602,2024-06-04,Ginger,Vegetable,All
1602,2024-06-04,Capsicum,Vegetable,Summer
1602,2024-06-04,Mango,Fruit,Summer
1602,2024-06-04,Onion,Vegetable,All
1603,2024-08-05,Garlic,Vegetable,All
1603,2024-08-05,Banana,Fruit,Rainy
1603,2024-08-05,Coriander,Vegetable,All
1603,2024-08-05,Chilli,Vegetable,Rainy
1603,2024-08-05,Radish,Vegetable,Rainy
1604,2024-10-19,Onion,Vegetable,All
1604,2024-10-19,Garlic,Vegetable,All
1604,2024-10-19,Potato,Vegetable,All
1604,2024-10-19,Coriander,Vegetable,All
1604,2024-10-19,Ginger,Vegetable,All
1605,2024-11-11,Green Peas,Vegetable,Winter
1605,2024-11-11,Cauliflower,Vegetable,Winter
1605,2024-11-11,Guava,Fruit,Winter
1606,2024-06-28,Garlic,Vegetable,All
1606,2024-06-28,Capsicum,Vegetable,Summer
1606,2024-06-28,Pineapple,Fruit,Summer
1606,2024-06-28,Tomato,Vegetable,Summer
1606,2024-06-28,Coriander,Vegetable,All
1607,2024-02-23,Apple,Fruit,Winter
1607,2024-02-23,Potato,Vegetable,All
1607,2024-02-23,Cauliflower,Vegetable,Winter
1607,2024-02-23,Spinach,Vegetable,Winter
1608,2024-10-05,Ginger,Vegetable,All
1608,2024-10-05,Coriander,Vegetable,All
1609,2024-07-01,Garlic,Vegetable,All
1609,2024-07-01,Brinjal,Vegetable,Rainy
1609,2024-07-01,Banana,Fruit,Rainy
1609,2024-07-01,Coriander,Vegetable,All
1610,2024-10-18,Garlic,Vegetable,All
1610,2024-10-18,Potato,Vegetable,All
1610,2024-10-18,Ginger,Vegetable,All
1610,2024-10-18,Onion,Vegetable,All
1610,2024-10-18,Coriander,Vegetable,All
1611,2024-03-16,Papaya,Fruit,Summer
1611,2024-03-16,Muskmelon,Fruit,Summer
1611,2024-03-16,Pineapple,Fruit,Summer
1611,2024-03-16,Coriander,Vegetable,All
1612,2024-12-11,Cabbage,Vegetable,Winter
1612,2024-12-11,Beetroot,Vegetable,Winter
1612,2024-12-11,Spinach,Vegetable,Winter
1612,2024-12-11,Green Peas,Vegetable,Winter
1612,2024-12-11,Coriander,Vegetable,All
1613,2024-04-22,Tomato,Vegetable,Summer
1613,2024-04-22,Papaya,Fruit,Summer
1613,2024-04-22,Pineapple,Fruit,Summer
1613,2024-04-22,Mango,Fruit,Summer
1614,2024-02-11,Ginger,Vegetable,All
1614,2024-02-11,Spinach,Vegetable,Winter
1614,2024-02-11,Green Peas,Vegetable,Winter
1614,2024-02-11,Cauliflower,Vegetable,Winter
1615,2024-06-21,Papaya,Fruit,Summer
1615,2024-06-21,Coriander,Vegetable,All
1615,2024-06-21,Garlic,Vegetable,All
1616,2024-12-14,Carrot,Vegetable,Winter
1616,2024-12-14,Green Peas,Vegetable,Winter
1616,2024-12-14,Cauliflower,Vegetable,Winter
1617,2024-10-15,Coriander,Vegetable,All
1617,2024-10-15,Garlic,Vegetable,All
1617,2024-10-15,Ginger,Vegetable,All
1617,2024-10-15,Potato,Vegetable,All
1617,2024-10-15,Onion,Vegetable,All
1618,2024-05-04,Watermelon,Fruit,Summer
1618,2024-05-04,Pineapple,Fruit,Summer
1618,2024-05-04,Ginger,Vegetable,All
1618,2024-05-04,Onion,Vegetable,All
1618,2024-05-04,Capsicum,Vegetable,Summer
1619,2024-03-28,Onion,Vegetable,All
1619,2024-03-28,Ladyfinger,Vegetable,Summer
1619,2024-03-28,Mango,Fruit,Summer
1619,2024-03-28,Papaya,Fruit,Summer
1620,2024-03-16,Ladyfinger,Vegetable,Summer
1620,2024-03-16,Onion,Vegetable,All
1620,2024-03-16,Coriander,Vegetable,All
1620,2024-03-16,Mango,Fruit,Summer
1620,2024-03-16,Potato,Vegetable,All
1621,2024-03-16,Coriander,Vegetable,All
1621,2024-03-16,Pineapple,Fruit,Summer
1621,2024-03-16,Mango,Fruit,Summer
1621,2024-03-16,Garlic,Vegetable,All
1621,2024-03-16,Onion,Vegetable,All
1622,2024-11-24,Guava,Fruit,Winter
1622,2024-11-24,Onion,Vegetable,All
1622,2024-11-24,Cabbage,Vegetable,Winter
1623,2024-11-13,Carrot,Vegetable,Winter
1623,2024-11-13,Guava,Fruit,Winter
1624,2024-01-22,Potato,Vegetable,All
1624,2024-01-22,Cauliflower,Vegetable,Winter
1624,2024-01-22,Cabbage,Vegetable,Winter
1624,2024-01-22,Guava,Fruit,Winter
1625,2024-09-20,Radish,Vegetable,Rainy
1625,2024-09-20,Pumpkin,Vegetable,Rainy
1625,2024-09-20,Chilli,Vegetable,Rainy
1626,2024-07-30,Banana,Fruit,Rainy
1626,2024-07-30,Radish,Vegetable,Rainy
1626,2024-07-30,Coriander,Vegetable,All
1626,2024-07-30,Pumpkin,Vegetable,Rainy
1627,2024-04-27,Potato,Vegetable,All
1627,2024-04-27,Ginger,Vegetable,All
1627,2024-04-27,Tomato,Vegetable,Summer
1627,2024-04-27,Ladyfinger,Vegetable,Summer
1628,2024-10-07,Onion,Vegetable,All
1628,2024-10-07,Ginger,Vegetable,All
1628,2024-10-07,Potato,Vegetable,All
1628,2024-10-07,Garlic,Vegetable,All
1628,2024-10-07,Coriander,Vegetable,All
1629,2024-06-22,Watermelon,Fruit,Summer
1629,2024-06-22,Ladyfinger,Vegetable,Summer
1629,2024-06-22,Ginger,Vegetable,All
1629,2024-06-22,Papaya,Fruit,Summer
1630,2024-07-01,Banana,Fruit,Rainy
1630,2024-07-01,Pumpkin,Vegetable,Rainy
1630,2024-07-01,Potato,Vegetable,All
1630,2024-07-01,Brinjal,Vegetable,Rainy
1630,2024-07-01,Radish,Vegetable,Rainy
1631,2024-01-16,Carrot,Vegetable,Winter
1631,2024-01-16,Cauliflower,Vegetable,Winter
1632,2024-03-22,Coriander,Vegetable,All
1632,2024-03-22,Ladyfinger,Vegetable,Summer
1633,2024-05-27,Garlic,Vegetable,All
1633,2024-05-27,Ginger,Vegetable,All
1633,2024-05-27,Capsicum,Vegetable,Summer
1633,2024-05-27,Muskmelon,Fruit,Summer
1634,2024-10-25,Coriander,Vegetable,All
1634,2024-10-25,Potato,Vegetable,All
1634,2024-10-25,Garlic,Vegetable,All
1634,2024-10-25,Ginger,Vegetable,All
1635,2024-02-20,Cabbage,Vegetable,Winter
1635,2024-02-20,Garlic,Vegetable,All
1635,2024-02-20,Apple,Fruit,Winter
1636,2024-07-07,Coriander,Vegetable,All
1636,2024-07-07,Ginger,Vegetable,All
1636,2024-07-07,Bottle Gourd,Vegetable,Rainy
1636,2024-07-07,Brinjal,Vegetable,Rainy
1637,2024-06-04,Capsicum,Vegetable,Summer
1637,2024-06-04,Watermelon,Fruit,Summer
1637,2024-06-04,Onion,Vegetable,All
1637,2024-06-04,Ladyfinger,Vegetable,Summer
1638,2024-04-28,Ginger,Vegetable,All
1638,2024-04-28,Onion,Vegetable,All
1638,2024-04-28,Muskmelon,Fruit,Summer
1638,2024-04-28,Papaya,Fruit,Summer
1639,2024-04-20,Tomato,Vegetable,Summer
1639,2024-04-20,Garlic,Vegetable,All
1639,2024-04-20,Pineapple,Fruit,Summer
1640,2024-10-27,Coriander,Vegetable,All
1640,2024-10-27,Ginger,Vegetable,All
1641,2024-01-07,Onion,Vegetable,All
1641,2024-01-07,Carrot,Vegetable,Winter
1641,2024-01-07,Garlic,Vegetable,All
1641,2024-01-07,Apple,Fruit,Winter
1641,2024-01-07,Coriander,Vegetable,All
1642,2024-05-31,Coriander,Vegetable,All
1642,2024-05-31,Watermelon,Fruit,Summer
1642,2024-05-31,Garlic,Vegetable,All
1643,2024-09-25,Radish,Vegetable,Rainy
1643,2024-09-25,Pumpkin,Vegetable,Rainy
1643,2024-09-25,Potato,Vegetable,All
1643,2024-09-25,Coriander,Vegetable,All
1643,2024-09-25,Ginger,Vegetable,All
1644,2024-07-14,Potato,Vegetable,All
1644,2024-07-14,Coriander,Vegetable,All
1644,2024-07-14,Chilli,Vegetable,Rainy
1644,2024-07-14,Radish,Vegetable,Rainy
1645,2024-05-15,Ginger,Vegetable,All
1645,2024-05-15,Onion,Vegetable,All
1645,2024-05-15,Coriander,Vegetable,All
1646,2024-03-09,Capsicum,Vegetable,Summer
1646,2024-03-09,Mango,Fruit,Summer
1646,2024-03-09,Pineapple,Fruit,Summer
1646,2024-03-09,Ladyfinger,Vegetable,Summer
1646,2024-03-09,Potato,Vegetable,All
1647,2024-12-17,Beetroot,Vegetable,Winter
1647,2024-12-17,Guava,Fruit,Winter
1647,2024-12-17,Apple,Fruit,Winter
1647,2024-12-17,Garlic,Vegetable,All
1647,2024-12-17,Cabbage,Vegetable,Winter
1648,2024-09-22,Potato,Vegetable,All
1648,2024-09-22,Coriander,Vegetable,All
1648,2024-09-22,Banana,Fruit,Rainy
1648,2024-09-22,Bottle Gourd,Vegetable,Rainy
1649,2024-09-18,Chilli,Vegetable,Rainy
1649,2024-09-18,Bottle Gourd,Vegetable,Rainy
1649,2024-09-18,Banana,Fruit,Rainy
1649,2024-09-18,Ginger,Vegetable,All
1649,2024-09-18,Brinjal,Vegetable,Rainy
1650,2024-07-13,Potato,Vegetable,All
1650,2024-07-13,Pumpkin,Vegetable,Rainy
1650,2024-07-13,Banana,Fruit,Rainy
1650,2024-07-13,Radish,Vegetable,Rainy
1651,2024-08-02,Banana,Fruit,Rainy
1651,2024-08-02,Onion,Vegetable,All
1652,2024-08-04,Chilli,Vegetable,Rainy
1652,2024-08-04,Bottle Gourd,Vegetable,Rainy
1653,2024-06-10,Garlic,Vegetable,All
1653,2024-06-10,Ladyfinger,Vegetable,Summer
1653,2024-06-10,Potato,Vegetable,All
1654,2024-07-03,Bottle Gourd,Vegetable,Rainy
1654,2024-07-03,Garlic,Vegetable,All
1654,2024-07-03,Radish,Vegetable,Rainy
1654,2024-07-03,Pumpkin,Vegetable,Rainy
1654,2024-07-03,Brinjal,Vegetable,Rainy
1655,2024-03-02,Muskmelon,Fruit,Summer
1655,2024-03-02,Potato,Vegetable,All
1656,2024-05-17,Mango,Fruit,Summer
1656,2024-05-17,Watermelon,Fruit,Summer
1656,2024-05-17,Garlic,Vegetable,All
1656,2024-05-17,Ginger,Vegetable,All
1656,2024-05-17,Onion,Vegetable,All
1657,2024-11-24,Guava,Fruit,Winter
1657,2024-11-24,Beetroot,Vegetable,Winter
1657,2024-11-24,Onion,Vegetable,All
1657,2024-11-24,Ginger,Vegetable,All
1657,2024-11-24,Apple,Fruit,Winter
1658,2024-11-21,Cauliflower,Vegetable,Winter
1658,2024-11-21,Potato,Vegetable,All
1658,2024-11-21,Carrot,Vegetable,Winter
1658,2024-11-21,Beetroot,Vegetable,Winter
1658,2024-11-21,Apple,Fruit,Winter
1659,2024-06-08,Papaya,Fruit,Summer
1659,2024-06-08,Mango,Fruit,Summer
1659,2024-06-08,Muskmelon,Fruit,Summer
1660,2024-04-23,Tomato,Vegetable,Summer
1660,2024-04-23,Watermelon,Fruit,Summer
1660,2024-04-23,Capsicum,Vegetable,Summer
1660,2024-04-23,Garlic,Vegetable,All
1661,2024-02-19,Coriander,Vegetable,All
1661,2024-02-19,Cabbage,Vegetable,Winter
1661,2024-02-19,Green Peas,Vegetable,Winter
1661,2024-02-19,Potato,Vegetable,All
1662,2024-11-18,Onion,Vegetable,All
1662,2024-11-18,Spinach,Vegetable,Winter
1662,2024-11-18,Green Peas,Vegetable,Winter
1662,2024-11-18,Coriander,Vegetable,All
1662,2024-11-18,Beetroot,Vegetable,Winter
1663,2024-03-02,Onion,Vegetable,All
1663,2024-03-02,Muskmelon,Fruit,Summer
1663,2024-03-02,Ladyfinger,Vegetable,Summer
1663,2024-03-02,Mango,Fruit,Summer
1663,2024-03-02,Capsicum,Vegetable,Summer
1664,2024-11-29,Spinach,Vegetable,Winter
1664,2024-11-29,Garlic,Vegetable,All
1664,2024-11-29,Beetroot,Vegetable,Winter
1664,2024-11-29,Coriander,Vegetable,All
1664,2024-11-29,Green Peas,Vegetable,Winter
1665,2024-06-17,Tomato,Vegetable,Summer
1665,2024-06-17,Papaya,Fruit,Summer
1665,2024-06-17,Watermelon,Fruit,Summer
1666,2024-08-13,Chilli,Vegetable,Rainy
1666,2024-08-13,Ginger,Vegetable,All
1666,2024-08-13,Garlic,Vegetable,All
1667,2024-12-24,Garlic,Vegetable,All
1667,2024-12-24,Beetroot,Vegetable,Winter
1668,2024-06-13,Pineapple,Fruit,Summer
1668,2024-06-13,Ladyfinger,Vegetable,Summer
1668,2024-06-13,Potato,Vegetable,All
1669,2024-10-10,Potato,Vegetable,All
1669,2024-10-10,Ginger,Vegetable,All
1669,2024-10-10,Garlic,Vegetable,All
1669,2024-10-10,Onion,Vegetable,All
1669,2024-10-10,Coriander,Vegetable,All
1670,2024-04-16,Ginger,Vegetable,All
1670,2024-04-16,Onion,Vegetable,All
1670,2024-04-16,Ladyfinger,Vegetable,Summer
1670,2024-04-16,Capsicum,Vegetable,Summer
1671,2024-07-17,Pumpkin,Vegetable,Rainy
1671,2024-07-17,Coriander,Vegetable,All
1671,2024-07-17,Potato,Vegetable,All
1672,2024-08-05,Bottle Gourd,Vegetable,Rainy
1672,2024-08-05,Radish,Vegetable,Rainy
1672,2024-08-05,Coriander,Vegetable,All
1672,2024-08-05,Brinjal,Vegetable,Rainy
1672,2024-08-05,Garlic,Vegetable,All
1673,2024-05-28,Ginger,Vegetable,All
1673,2024-05-28,Muskmelon,Fruit,Summer
1673,2024-05-28,Coriander,Vegetable,All
1674,2024-06-19,Watermelon,Fruit,Summer
1674,2024-06-19,Ginger,Vegetable,All
1674,2024-06-19,Ladyfinger,Vegetable,Summer
1674,2024-06-19,Tomato,Vegetable,Summer
1675,2024-03-21,Tomato,Vegetable,Summer
1675,2024-03-21,Pineapple,Fruit,Summer
1675,2024-03-21,Muskmelon,Fruit,Summer
1675,2024-03-21,Mango,Fruit,Summer
1676,2024-04-19,Mango,Fruit,Summer
1676,2024-04-19,Coriander,Vegetable,All
1676,2024-04-19,Papaya,Fruit,Summer
1676,2024-04-19,Capsicum,Vegetable,Summer
1676,2024-04-19,Pineapple,Fruit,Summer
1677,2024-03-15,Ginger,Vegetable,All
1677,2024-03-15,Capsicum,Vegetable,Summer
1677,2024-03-15,Ladyfinger,Vegetable,Summer
1677,2024-03-15,Muskmelon,Fruit,Summer
1678,2024-10-16,Ginger,Vegetable,All
1678,2024-10-16,Potato,Vegetable,All
1679,2024-11-30,Coriander,Vegetable,All
1679,2024-11-30,Green Peas,Vegetable,Winter
1679,2024-11-30,Cabbage,Vegetable,Winter
1679,2024-11-30,Carrot,Vegetable,Winter
1680,2024-03-03,Tomato,Vegetable,Summer
1680,2024-03-03,Garlic,Vegetable,All
1681,2024-09-30,Pumpkin,Vegetable,Rainy
1681,2024-09-30,Ginger,Vegetable,All
1681,2024-09-30,Chilli,Vegetable,Rainy
1681,2024-09-30,Radish,Vegetable,Rainy
1681,2024-09-30,Coriander,Vegetable,All
1682,2024-07-02,Brinjal,Vegetable,Rainy
1682,2024-07-02,Potato,Vegetable,All
1682,2024-07-02,Onion,Vegetable,All
1682,2024-07-02,Banana,Fruit,Rainy
1683,2024-09-30,Chilli,Vegetable,Rainy
1683,2024-09-30,Banana,Fruit,Rainy
1684,2024-03-22,Watermelon,Fruit,Summer
1684,2024-03-22,Mango,Fruit,Summer
1684,2024-03-22,Pineapple,Fruit,Summer
1685,2024-11-05,Potato,Vegetable,All
1685,2024-11-05,Ginger,Vegetable,All
1685,2024-11-05,Beetroot,Vegetable,Winter
1686,2024-08-02,Potato,Vegetable,All
1686,2024-08-02,Bottle Gourd,Vegetable,Rainy
1687,2024-10-26,Onion,Vegetable,All
1687,2024-10-26,Garlic,Vegetable,All
1687,2024-10-26,Coriander,Vegetable,All
1687,2024-10-26,Potato,Vegetable,All
1687,2024-10-26,Ginger,Vegetable,All
1688,2024-09-17,Brinjal,Vegetable,Rainy
1688,2024-09-17,Pumpkin,Vegetable,Rainy
1688,2024-09-17,Chilli,Vegetable,Rainy
1688,2024-09-17,Bottle Gourd,Vegetable,Rainy
1689,2024-11-14,Ginger,Vegetable,All
1689,2024-11-14,Beetroot,Vegetable,Winter
1690,2024-12-22,Carrot,Vegetable,Winter
1690,2024-12-22,Potato,Vegetable,All
1690,2024-12-22,Green Peas,Vegetable,Winter
1690,2024-12-22,Beetroot,Vegetable,Winter
1691,2024-06-11,Muskmelon,Fruit,Summer
1691,2024-06-11,Ginger,Vegetable,All
1692,2024-03-24,Tomato,Vegetable,Summer
1692,2024-03-24,Pineapple,Fruit,Summer
1693,2024-06-24,Papaya,Fruit,Summer
1693,2024-06-24,Mango,Fruit,Summer
1693,2024-06-24,Muskmelon,Fruit,Summer
1694,2024-09-25,Radish,Vegetable,Rainy
1694,2024-09-25,Onion,Vegetable,All
1695,2024-01-01,Cauliflower,Vegetable,Winter
1695,2024-01-01,Green Peas,Vegetable,Winter
1695,2024-01-01,Ginger,Vegetable,All
1695,2024-01-01,Guava,Fruit,Winter
1695,2024-01-01,Garlic,Vegetable,All
1696,2024-03-20,Watermelon,Fruit,Summer
1696,2024-03-20,Garlic,Vegetable,All
1696,2024-03-20,Capsicum,Vegetable,Summer
1696,2024-03-20,Ladyfinger,Vegetable,Summer
1696,2024-03-20,Ginger,Vegetable,All
1697,2024-07-21,Banana,Fruit,Rainy
1697,2024-07-21,Potato,Vegetable,All
1697,2024-07-21,Coriander,Vegetable,All
1697,2024-07-21,Chilli,Vegetable,Rainy
1698,2024-01-08,Garlic,Vegetable,All
1698,2024-01-08,Guava,Fruit,Winter
1698,2024-01-08,Cabbage,Vegetable,Winter
1698,2024-01-08,Onion,Vegetable,All
1698,2024-01-08,Ginger,Vegetable,All
1699,2024-01-05,Spinach,Vegetable,Winter
1699,2024-01-05,Beetroot,Vegetable,Winter
1700,2024-06-07,Capsicum,Vegetable,Summer
1700,2024-06-07,Onion,Vegetable,All
1700,2024-06-07,Ginger,Vegetable,All
1700,2024-06-07,Potato,Vegetable,All
1700,2024-06-07,Pineapple,Fruit,Summer
1701,2024-04-07,Watermelon,Fruit,Summer
1701,2024-04-07,Papaya,Fruit,Summer
1701,2024-04-07,Ladyfinger,Vegetable,Summer
1701,2024-04-07,Muskmelon,Fruit,Summer
1701,2024-04-07,Coriander,Vegetable,All
1702,2024-09-02,Onion,Vegetable,All
1702,2024-09-02,Radish,Vegetable,Rainy
1702,2024-09-02,Brinjal,Vegetable,Rainy
1702,2024-09-02,Bottle Gourd,Vegetable,Rainy
1703,2024-04-14,Papaya,Fruit,Summer
1703,2024-04-14,Ginger,Vegetable,All
1703,2024-04-14,Muskmelon,Fruit,Summer
1704,2024-11-30,Cabbage,Vegetable,Winter
1704,2024-11-30,Ginger,Vegetable,All
1705,2024-03-05,Capsicum,Vegetable,Summer
1705,2024-03-05,Watermelon,Fruit,Summer
1705,2024-03-05,Garlic,Vegetable,All
1705,2024-03-05,Onion,Vegetable,All
1706,2024-08-02,Potato,Vegetable,All
1706,2024-08-02,Ginger,Vegetable,All
1706,2024-08-02,Bottle Gourd,Vegetable,Rainy
1707,2024-03-29,Pineapple,Fruit,Summer
1707,2024-03-29,Capsicum,Vegetable,Summer
1707,2024-03-29,Papaya,Fruit,Summer
1707,2024-03-29,Tomato,Vegetable,Summer
1707,2024-03-29,Muskmelon,Fruit,Summer
1708,2024-11-06,Garlic,Vegetable,All
1708,2024-11-06,Apple,Fruit,Winter
1709,2024-04-23,Pineapple,Fruit,Summer
1709,2024-04-23,Tomato,Vegetable,Summer
1709,2024-04-23,Papaya,Fruit,Summer
1709,2024-04-23,Capsicum,Vegetable,Summer
1710,2024-07-25,Chilli,Vegetable,Rainy
1710,2024-07-25,Banana,Fruit,Rainy
1710,2024-07-25,Radish,Vegetable,Rainy
1710,2024-07-25,Potato,Vegetable,All
1711,2024-03-21,Muskmelon,Fruit,Summer
1711,2024-03-21,Potato,Vegetable,All
1711,2024-03-21,Tomato,Vegetable,Summer
1711,2024-03-21,Papaya,Fruit,Summer
1711,2024-03-21,Coriander,Vegetable,All
1712,2024-06-11,Papaya,Fruit,Summer
1712,2024-06-11,Coriander,Vegetable,All
1713,2024-12-29,Beetroot,Vegetable,Winter
1713,2024-12-29,Green Peas,Vegetable,Winter
1713,2024-12-29,Onion,Vegetable,All
1713,2024-12-29,Cauliflower,Vegetable,Winter
1714,2024-12-29,Beetroot,Vegetable,Winter
1714,2024-12-29,Carrot,Vegetable,Winter
1715,2024-01-20,Potato,Vegetable,All
1715,2024-01-20,Spinach,Vegetable,Winter
1715,2024-01-20,Cauliflower,Vegetable,Winter
1715,2024-01-20,Beetroot,Vegetable,Winter
1715,2024-01-20,Carrot,Vegetable,Winter
1716,2024-07-21,Potato,Vegetable,All
1716,2024-07-21,Garlic,Vegetable,All
1716,2024-07-21,Coriander,Vegetable,All
1716,2024-07-21,Banana,Fruit,Rainy
1716,2024-07-21,Ginger,Vegetable,All
1717,2024-10-22,Onion,Vegetable,All
1717,2024-10-22,Potato,Vegetable,All
1717,2024-10-22,Coriander,Vegetable,All
1717,2024-10-22,Ginger,Vegetable,All
1717,2024-10-22,Garlic,Vegetable,All
1718,2024-03-13,Tomato,Vegetable,Summer
1718,2024-03-13,Mango,Fruit,Summer
1718,2024-03-13,Capsicum,Vegetable,Summer
1718,2024-03-13,Garlic,Vegetable,All
1718,2024-03-13,Ginger,Vegetable,All
1719,2024-04-28,Capsicum,Vegetable,Summer
1719,2024-04-28,Papaya,Fruit,Summer
1719,2024-04-28,Tomato,Vegetable,Summer
1719,2024-04-28,Muskmelon,Fruit,Summer
1719,2024-04-28,Ginger,Vegetable,All
1720,2024-10-17,Ginger,Vegetable,All
1720,2024-10-17,Coriander,Vegetable,All
1721,2024-02-03,Ginger,Vegetable,All
1721,2024-02-03,Potato,Vegetable,All
1721,2024-02-03,Onion,Vegetable,All
1721,2024-02-03,Apple,Fruit,Winter
1721,2024-02-03,Spinach,Vegetable,Winter
1722,2024-04-08,Ladyfinger,Vegetable,Summer
1722,2024-04-08,Onion,Vegetable,All
1723,2024-07-11,Banana,Fruit,Rainy
1723,2024-07-11,Garlic,Vegetable,All
1723,2024-07-11,Pumpkin,Vegetable,Rainy
1723,2024-07-11,Chilli,Vegetable,Rainy
1723,2024-07-11,Potato,Vegetable,All
1724,2024-05-27,Coriander,Vegetable,All
1724,2024-05-27,Onion,Vegetable,All
1724,2024-05-27,Papaya,Fruit,Summer
1724,2024-05-27,Garlic,Vegetable,All
1724,2024-05-27,Watermelon,Fruit,Summer
1725,2024-11-13,Potato,Vegetable,All
1725,2024-11-13,Ginger,Vegetable,All
1725,2024-11-13,Coriander,Vegetable,All
1725,2024-11-13,Onion,Vegetable,All
1725,2024-11-13,Apple,Fruit,Winter
1726,2024-01-06,Garlic,Vegetable,All
1726,2024-01-06,Spinach,Vegetable,Winter
1726,2024-01-06,Apple,Fruit,Winter
1727,2024-01-29,Garlic,Vegetable,All
1727,2024-01-29,Apple,Fruit,Winter
1728,2024-06-24,Potato,Vegetable,All
1728,2024-06-24,Onion,Vegetable,All
1729,2024-11-11,Apple,Fruit,Winter
1729,2024-11-11,Garlic,Vegetable,All
1729,2024-11-11,Onion,Vegetable,All
1730,2024-04-07,Onion,Vegetable,All
1730,2024-04-07,Muskmelon,Fruit,Summer
1730,2024-04-07,Watermelon,Fruit,Summer
1731,2024-01-08,Ginger,Vegetable,All
1731,2024-01-08,Garlic,Vegetable,All
1731,2024-01-08,Beetroot,Vegetable,Winter
1732,2024-04-14,Mango,Fruit,Summer
1732,2024-04-14,Coriander,Vegetable,All
1732,2024-04-14,Papaya,Fruit,Summer
1733,2024-09-24,Chilli,Vegetable,Rainy
1733,2024-09-24,Banana,Fruit,Rainy
1733,2024-09-24,Radish,Vegetable,Rainy
1733,2024-09-24,Ginger,Vegetable,All
1733,2024-09-24,Bottle Gourd,Vegetable,Rainy
1734,2024-07-27,Banana,Fruit,Rainy
1734,2024-07-27,Onion,Vegetable,All
1735,2024-04-19,Garlic,Vegetable,All
1735,2024-04-19,Ladyfinger,Vegetable,Summer
1735,2024-04-19,Ginger,Vegetable,All
1735,2024-04-19,Watermelon,Fruit,Summer
1736,2024-01-09,Coriander,Vegetable,All
1736,2024-01-09,Ginger,Vegetable,All
1736,2024-01-09,Apple,Fruit,Winter
1737,2024-02-20,Apple,Fruit,Winter
1737,2024-02-20,Cauliflower,Vegetable,Winter
1737,2024-02-20,Onion,Vegetable,All
1738,2024-01-02,Green Peas,Vegetable,Winter
1738,2024-01-02,Beetroot,Vegetable,Winter
1739,2024-02-02,Cauliflower,Vegetable,Winter
1739,2024-02-02,Apple,Fruit,Winter
1739,2024-02-02,Spinach,Vegetable,Winter
1740,2024-06-07,Muskmelon,Fruit,Summer
1740,2024-06-07,Ladyfinger,Vegetable,Summer
1741,2024-03-03,Mango,Fruit,Summer
1741,2024-03-03,Potato,Vegetable,All
1741,2024-03-03,Pineapple,Fruit,Summer
1741,2024-03-03,Coriander,Vegetable,All
1741,2024-03-03,Ginger,Vegetable,All
1742,2024-10-28,Potato,Vegetable,All
1742,2024-10-28,Onion,Vegetable,All
1742,2024-10-28,Ginger,Vegetable,All
1742,2024-10-28,Coriander,Vegetable,All
1743,2024-03-30,Garlic,Vegetable,All
1743,2024-03-30,Ginger,Vegetable,All
1744,2024-10-08,Garlic,Vegetable,All
1744,2024-10-08,Potato,Vegetable,All
1744,2024-10-08,Ginger,Vegetable,All
1744,2024-10-08,Coriander,Vegetable,All
1744,2024-10-08,Onion,Vegetable,All
1745,2024-10-31,Ginger,Vegetable,All
1745,2024-10-31,Onion,Vegetable,All
1745,2024-10-31,Garlic,Vegetable,All
1746,2024-10-25,Onion,Vegetable,All
1746,2024-10-25,Ginger,Vegetable,All
1747,2024-12-26,Carrot,Vegetable,Winter
1747,2024-12-26,Guava,Fruit,Winter
1748,2024-08-30,Brinjal,Vegetable,Rainy
1748,2024-08-30,Potato,Vegetable,All
1748,2024-08-30,Banana,Fruit,Rainy
1748,2024-08-30,Chilli,Vegetable,Rainy
1749,2024-11-07,Cauliflower,Vegetable,Winter
1749,2024-11-07,Ginger,Vegetable,All
1749,2024-11-07,Green Peas,Vegetable,Winter
1749,2024-11-07,Onion,Vegetable,All
1750,2024-06-22,Muskmelon,Fruit,Summer
1750,2024-06-22,Garlic,Vegetable,All
1750,2024-06-22,Papaya,Fruit,Summer
1751,2024-07-19,Garlic,Vegetable,All
1751,2024-07-19,Brinjal,Vegetable,Rainy
1751,2024-07-19,Radish,Vegetable,Rainy
1751,2024-07-19,Coriander,Vegetable,All
1751,2024-07-19,Banana,Fruit,Rainy
1752,2024-12-14,Guava,Fruit,Winter
1752,2024-12-14,Cabbage,Vegetable,Winter
1753,2024-04-13,Garlic,Vegetable,All
1753,2024-04-13,Muskmelon,Fruit,Summer
1753,2024-04-13,Ginger,Vegetable,All
1753,2024-04-13,Coriander,Vegetable,All
1753,2024-04-13,Watermelon,Fruit,Summer
1754,2024-06-30,Capsicum,Vegetable,Summer
1754,2024-06-30,Watermelon,Fruit,Summer
1755,2024-11-28,Ginger,Vegetable,All
1755,2024-11-28,Green Peas,Vegetable,Winter
1755,2024-11-28,Apple,Fruit,Winter
1755,2024-11-28,Garlic,Vegetable,All
1755,2024-11-28,Onion,Vegetable,All
1756,2024-11-12,Potato,Vegetable,All
1756,2024-11-12,Guava,Fruit,Winter
1756,2024-11-12,Cauliflower,Vegetable,Winter
1756,2024-11-12,Green Peas,Vegetable,Winter
1756,2024-11-12,Beetroot,Vegetable,Winter
1757,2024-01-21,Apple,Fruit,Winter
1757,2024-01-21,Cauliflower,Vegetable,Winter
1757,2024-01-21,Cabbage,Vegetable,Winter
1757,2024-01-21,Green Peas,Vegetable,Winter
1758,2024-04-19,Ginger,Vegetable,All
1758,2024-04-19,Muskmelon,Fruit,Summer
1758,2024-04-19,Ladyfinger,Vegetable,Summer
1759,2024-10-08,Garlic,Vegetable,All
1759,2024-10-08,Potato,Vegetable,All
1759,2024-10-08,Ginger,Vegetable,All
1759,2024-10-08,Onion,Vegetable,All
1759,2024-10-08,Coriander,Vegetable,All
1760,2024-05-16,Potato,Vegetable,All
1760,2024-05-16,Watermelon,Fruit,Summer
1760,2024-05-16,Pineapple,Fruit,Summer
1761,2024-04-08,Garlic,Vegetable,All
1761,2024-04-08,Ginger,Vegetable,All
1761,2024-04-08,Mango,Fruit,Summer
1761,2024-04-08,Potato,Vegetable,All
1761,2024-04-08,Watermelon,Fruit,Summer
1762,2024-02-15,Beetroot,Vegetable,Winter
1762,2024-02-15,Ginger,Vegetable,All
1762,2024-02-15,Potato,Vegetable,All
1762,2024-02-15,Cauliflower,Vegetable,Winter
1763,2024-05-16,Pineapple,Fruit,Summer
1763,2024-05-16,Ginger,Vegetable,All
1763,2024-05-16,Papaya,Fruit,Summer
1763,2024-05-16,Muskmelon,Fruit,Summer
1763,2024-05-16,Coriander,Vegetable,All
1764,2024-03-04,Watermelon,Fruit,Summer
1764,2024-03-04,Garlic,Vegetable,All
1764,2024-03-04,Ladyfinger,Vegetable,Summer
1764,2024-03-04,Muskmelon,Fruit,Summer
1764,2024-03-04,Papaya,Fruit,Summer
1765,2024-05-08,Coriander,Vegetable,All
1765,2024-05-08,Ginger,Vegetable,All
1765,2024-05-08,Papaya,Fruit,Summer
1765,2024-05-08,Ladyfinger,Vegetable,Summer
1765,2024-05-08,Onion,Vegetable,All
1766,2024-06-02,Onion,Vegetable,All
1766,2024-06-02,Papaya,Fruit,Summer
1766,2024-06-02,Tomato,Vegetable,Summer
1766,2024-06-02,Garlic,Vegetable,All
1766,2024-06-02,Muskmelon,Fruit,Summer
1767,2024-05-26,Capsicum,Vegetable,Summer
1767,2024-05-26,Ginger,Vegetable,All
1767,2024-05-26,Mango,Fruit,Summer
1768,2024-04-18,Ginger,Vegetable,All
1768,2024-04-18,Watermelon,Fruit,Summer
1768,2024-04-18,Tomato,Vegetable,Summer
1769,2024-06-22,Pineapple,Fruit,Summer
1769,2024-06-22,Papaya,Fruit,Summer
1769,2024-06-22,Tomato,Vegetable,Summer
1769,2024-06-22,Coriander,Vegetable,All
1769,2024-06-22,Muskmelon,Fruit,Summer
1770,2024-01-21,Apple,Fruit,Winter
1770,2024-01-21,Green Peas,Vegetable,Winter
1771,2024-02-29,Onion,Vegetable,All
1771,2024-02-29,Guava,Fruit,Winter
1772,2024-08-12,Pumpkin,Vegetable,Rainy
1772,2024-08-12,Onion,Vegetable,All
1772,2024-08-12,Brinjal,Vegetable,Rainy
1772,2024-08-12,Ginger,Vegetable,All
1772,2024-08-12,Coriander,Vegetable,All
1773,2024-10-23,Ginger,Vegetable,All
1773,2024-10-23,Potato,Vegetable,All
1773,2024-10-23,Garlic,Vegetable,All
1774,2024-05-23,Coriander,Vegetable,All
1774,2024-05-23,Capsicum,Vegetable,Summer
1774,2024-05-23,Garlic,Vegetable,All
1774,2024-05-23,Ginger,Vegetable,All
1775,2024-03-02,Tomato,Vegetable,Summer
1775,2024-03-02,Potato,Vegetable,All
1775,2024-03-02,Watermelon,Fruit,Summer
1775,2024-03-02,Papaya,Fruit,Summer
1775,2024-03-02,Ladyfinger,Vegetable,Summer
1776,2024-04-19,Ladyfinger,Vegetable,Summer
1776,2024-04-19,Papaya,Fruit,Summer
1776,2024-04-19,Muskmelon,Fruit,Summer
1777,2024-08-25,Onion,Vegetable,All
1777,2024-08-25,Ginger,Vegetable,All
1778,2024-08-18,Bottle Gourd,Vegetable,Rainy
1778,2024-08-18,Brinjal,Vegetable,Rainy
1779,2024-08-16,Onion,Vegetable,All
1779,2024-08-16,Radish,Vegetable,Rainy
1780,2024-02-09,Potato,Vegetable,All
1780,2024-02-09,Guava,Fruit,Winter
1780,2024-02-09,Carrot,Vegetable,Winter
1780,2024-02-09,Apple,Fruit,Winter
1780,2024-02-09,Coriander,Vegetable,All
1781,2024-04-13,Mango,Fruit,Summer
1781,2024-04-13,Papaya,Fruit,Summer
1782,2024-09-13,Banana,Fruit,Rainy
1782,2024-09-13,Radish,Vegetable,Rainy
1782,2024-09-13,Chilli,Vegetable,Rainy
1783,2024-12-09,Green Peas,Vegetable,Winter
1783,2024-12-09,Potato,Vegetable,All
1783,2024-12-09,Carrot,Vegetable,Winter
1783,2024-12-09,Cabbage,Vegetable,Winter
1784,2024-07-21,Brinjal,Vegetable,Rainy
1784,2024-07-21,Bottle Gourd,Vegetable,Rainy
1784,2024-07-21,Chilli,Vegetable,Rainy
1784,2024-07-21,Ginger,Vegetable,All
1785,2024-10-26,Garlic,Vegetable,All
1785,2024-10-26,Coriander,Vegetable,All
1785,2024-10-26,Ginger,Vegetable,All
1786,2024-08-08,Pumpkin,Vegetable,Rainy
1786,2024-08-08,Ginger,Vegetable,All
1786,2024-08-08,Onion,Vegetable,All
1787,2024-05-10,Watermelon,Fruit,Summer
1787,2024-05-10,Onion,Vegetable,All
1787,2024-05-10,Potato,Vegetable,All
1788,2024-04-26,Ladyfinger,Vegetable,Summer
1788,2024-04-26,Potato,Vegetable,All
1789,2024-05-22,Mango,Fruit,Summer
1789,2024-05-22,Coriander,Vegetable,All
1789,2024-05-22,Garlic,Vegetable,All
1789,2024-05-22,Tomato,Vegetable,Summer
1790,2024-04-16,Ginger,Vegetable,All
1790,2024-04-16,Watermelon,Fruit,Summer
1791,2024-01-02,Garlic,Vegetable,All
1791,2024-01-02,Carrot,Vegetable,Winter
1792,2024-02-01,Coriander,Vegetable,All
1792,2024-02-01,Cauliflower,Vegetable,Winter
1792,2024-02-01,Guava,Fruit,Winter
1792,2024-02-01,Cabbage,Vegetable,Winter
1792,2024-02-01,Garlic,Vegetable,All
1793,2024-01-22,Potato,Vegetable,All
1793,2024-01-22,Beetroot,Vegetable,Winter
1793,2024-01-22,Guava,Fruit,Winter
1793,2024-01-22,Carrot,Vegetable,Winter
1794,2024-03-12,Ginger,Vegetable,All
1794,2024-03-12,Onion,Vegetable,All
1795,2024-07-03,Pumpkin,Vegetable,Rainy
1795,2024-07-03,Ginger,Vegetable,All
1795,2024-07-03,Chilli,Vegetable,Rainy
1796,2024-09-30,Brinjal,Vegetable,Rainy
1796,2024-09-30,Pumpkin,Vegetable,Rainy
1796,2024-09-30,Chilli,Vegetable,Rainy
1796,2024-09-30,Bottle Gourd,Vegetable,Rainy
1796,2024-09-30,Coriander,Vegetable,All
1797,2024-03-03,Capsicum,Vegetable,Summer
1797,2024-03-03,Tomato,Vegetable,Summer
1797,2024-03-03,Watermelon,Fruit,Summer
1797,2024-03-03,Coriander,Vegetable,All
1798,2024-07-11,Banana,Fruit,Rainy
1798,2024-07-11,Radish,Vegetable,Rainy
1798,2024-07-11,Chilli,Vegetable,Rainy
1799,2024-07-10,Coriander,Vegetable,All
1799,2024-07-10,Brinjal,Vegetable,Rainy
1800,2024-07-15,Radish,Vegetable,Rainy
1800,2024-07-15,Brinjal,Vegetable,Rainy
1800,2024-07-15,Garlic,Vegetable,All
1800,2024-07-15,Onion,Vegetable,All
1800,2024-07-15,Bottle Gourd,Vegetable,Rainy
1801,2024-01-04,Cauliflower,Vegetable,Winter
1801,2024-01-04,Guava,Fruit,Winter
1801,2024-01-04,Apple,Fruit,Winter
1801,2024-01-04,Beetroot,Vegetable,Winter
1802,2024-04-12,Potato,Vegetable,All
1802,2024-04-12,Muskmelon,Fruit,Summer
1803,2024-09-30,Garlic,Vegetable,All
1803,2024-09-30,Coriander,Vegetable,All
1803,2024-09-30,Radish,Vegetable,Rainy
1803,2024-09-30,Brinjal,Vegetable,Rainy
1804,2024-06-13,Capsicum,Vegetable,Summer
1804,2024-06-13,Coriander,Vegetable,All
1804,2024-06-13,Garlic,Vegetable,All
1805,2024-09-01,Ginger,Vegetable,All
1805,2024-09-01,Garlic,Vegetable,All
1805,2024-09-01,Pumpkin,Vegetable,Rainy
1806,2024-09-13,Chilli,Vegetable,Rainy
1806,2024-09-13,Radish,Vegetable,Rainy
1806,2024-09-13,Coriander,Vegetable,All
1806,2024-09-13,Ginger,Vegetable,All
1806,2024-09-13,Bottle Gourd,Vegetable,Rainy
1807,2024-09-12,Ginger,Vegetable,All
1807,2024-09-12,Potato,Vegetable,All
1807,2024-09-12,Banana,Fruit,Rainy
1807,2024-09-12,Brinjal,Vegetable,Rainy
1807,2024-09-12,Onion,Vegetable,All
1808,2024-04-22,Ladyfinger,Vegetable,Summer
1808,2024-04-22,Capsicum,Vegetable,Summer
1808,2024-04-22,Ginger,Vegetable,All
1809,2024-02-21,Beetroot,Vegetable,Winter
1809,2024-02-21,Cabbage,Vegetable,Winter
1810,2024-01-17,Coriander,Vegetable,All
1810,2024-01-17,Spinach,Vegetable,Winter
1810,2024-01-17,Onion,Vegetable,All
1810,2024-01-17,Green Peas,Vegetable,Winter
1811,2024-09-23,Onion,Vegetable,All
1811,2024-09-23,Potato,Vegetable,All
1811,2024-09-23,Ginger,Vegetable,All
1811,2024-09-23,Radish,Vegetable,Rainy
1812,2024-09-29,Coriander,Vegetable,All
1812,2024-09-29,Chilli,Vegetable,Rainy
1812,2024-09-29,Garlic,Vegetable,All
1812,2024-09-29,Banana,Fruit,Rainy
1813,2024-11-21,Coriander,Vegetable,All
1813,2024-11-21,Potato,Vegetable,All
1813,2024-11-21,Cauliflower,Vegetable,Winter
1813,2024-11-21,Cabbage,Vegetable,Winter
1814,2024-02-24,Green Peas,Vegetable,Winter
1814,2024-02-24,Carrot,Vegetable,Winter
1814,2024-02-24,Cabbage,Vegetable,Winter
1814,2024-02-24,Onion,Vegetable,All
1814,2024-02-24,Spinach,Vegetable,Winter
1815,2024-12-11,Potato,Vegetable,All
1815,2024-12-11,Green Peas,Vegetable,Winter
1816,2024-09-02,Ginger,Vegetable,All
1816,2024-09-02,Potato,Vegetable,All
1816,2024-09-02,Chilli,Vegetable,Rainy
1816,2024-09-02,Banana,Fruit,Rainy
1816,2024-09-02,Onion,Vegetable,All
1817,2024-02-12,Green Peas,Vegetable,Winter
1817,2024-02-12,Ginger,Vegetable,All
1817,2024-02-12,Beetroot,Vegetable,Winter
1818,2024-08-28,Coriander,Vegetable,All
1818,2024-08-28,Garlic,Vegetable,All
1819,2024-05-10,Papaya,Fruit,Summer
1819,2024-05-10,Pineapple,Fruit,Summer
1819,2024-05-10,Coriander,Vegetable,All
1820,2024-08-31,Ginger,Vegetable,All
1820,2024-08-31,Onion,Vegetable,All
1820,2024-08-31,Banana,Fruit,Rainy
1820,2024-08-31,Bottle Gourd,Vegetable,Rainy
1821,2024-11-11,Cabbage,Vegetable,Winter
1821,2024-11-11,Guava,Fruit,Winter
1821,2024-11-11,Ginger,Vegetable,All
1821,2024-11-11,Cauliflower,Vegetable,Winter
1822,2024-08-20,Banana,Fruit,Rainy
1822,2024-08-20,Ginger,Vegetable,All
1822,2024-08-20,Bottle Gourd,Vegetable,Rainy
1822,2024-08-20,Brinjal,Vegetable,Rainy
1822,2024-08-20,Chilli,Vegetable,Rainy
1823,2024-08-21,Pumpkin,Vegetable,Rainy
1823,2024-08-21,Ginger,Vegetable,All
1823,2024-08-21,Onion,Vegetable,All
1824,2024-11-13,Coriander,Vegetable,All
1824,2024-11-13,Carrot,Vegetable,Winter
1824,2024-11-13,Ginger,Vegetable,All
1824,2024-11-13,Cauliflower,Vegetable,Winter
1824,2024-11-13,Cabbage,Vegetable,Winter
1825,2024-06-17,Potato,Vegetable,All
1825,2024-06-17,Coriander,Vegetable,All
1825,2024-06-17,Pineapple,Fruit,Summer
1825,2024-06-17,Ladyfinger,Vegetable,Summer
1826,2024-03-29,Mango,Fruit,Summer
1826,2024-03-29,Potato,Vegetable,All
1826,2024-03-29,Watermelon,Fruit,Summer
1826,2024-03-29,Pineapple,Fruit,Summer
1827,2024-01-13,Beetroot,Vegetable,Winter
1827,2024-01-13,Carrot,Vegetable,Winter
1828,2024-03-10,Onion,Vegetable,All
1828,2024-03-10,Muskmelon,Fruit,Summer
1829,2024-10-18,Ginger,Vegetable,All
1829,2024-10-18,Potato,Vegetable,All
1829,2024-10-18,Garlic,Vegetable,All
1830,2024-03-11,Mango,Fruit,Summer
1830,2024-03-11,Onion,Vegetable,All
1830,2024-03-11,Capsicum,Vegetable,Summer
1830,2024-03-11,Watermelon,Fruit,Summer
1830,2024-03-11,Ginger,Vegetable,All
1831,2024-04-02,Papaya,Fruit,Summer
1831,2024-04-02,Coriander,Vegetable,All
1831,2024-04-02,Watermelon,Fruit,Summer
1832,2024-12-06,Beetroot,Vegetable,Winter
1832,2024-12-06,Cauliflower,Vegetable,Winter
1832,2024-12-06,Cabbage,Vegetable,Winter
1833,2024-12-22,Coriander,Vegetable,All
1833,2024-12-22,Cabbage,Vegetable,Winter
1834,2024-12-27,Carrot,Vegetable,Winter
1834,2024-12-27,Green Peas,Vegetable,Winter
1834,2024-12-27,Potato,Vegetable,All
1834,2024-12-27,Cauliflower,Vegetable,Winter
1835,2024-09-18,Coriander,Vegetable,All
1835,2024-09-18,Bottle Gourd,Vegetable,Rainy
1835,2024-09-18,Banana,Fruit,Rainy
1835,2024-09-18,Chilli,Vegetable,Rainy
1835,2024-09-18,Pumpkin,Vegetable,Rainy
1836,2024-12-10,Spinach,Vegetable,Winter
1836,2024-12-10,Green Peas,Vegetable,Winter
1836,2024-12-10,Potato,Vegetable,All
1836,2024-12-10,Beetroot,Vegetable,Winter
1837,2024-07-23,Potato,Vegetable,All
1837,2024-07-23,Coriander,Vegetable,All
1837,2024-07-23,Banana,Fruit,Rainy
1838,2024-10-27,Onion,Vegetable,All
1838,2024-10-27,Garlic,Vegetable,All
1839,2024-09-26,Coriander,Vegetable,All
1839,2024-09-26,Chilli,Vegetable,Rainy
1840,2024-06-23,Onion,Vegetable,All
1840,2024-06-23,Papaya,Fruit,Summer
1840,2024-06-23,Capsicum,Vegetable,Summer
1841,2024-06-07,Muskmelon,Fruit,Summer
1841,2024-06-07,Onion,Vegetable,All
1841,2024-06-07,Mango,Fruit,Summer
1841,2024-06-07,Watermelon,Fruit,Summer
1841,2024-06-07,Tomato,Vegetable,Summer
1842,2024-05-05,Tomato,Vegetable,Summer
1842,2024-05-05,Mango,Fruit,Summer
1842,2024-05-05,Ginger,Vegetable,All
1843,2024-05-22,Ladyfinger,Vegetable,Summer
1843,2024-05-22,Pineapple,Fruit,Summer
1843,2024-05-22,Papaya,Fruit,Summer
1844,2024-01-14,Carrot,Vegetable,Winter
1844,2024-01-14,Guava,Fruit,Winter
1845,2024-07-22,Potato,Vegetable,All
1845,2024-07-22,Ginger,Vegetable,All
1845,2024-07-22,Brinjal,Vegetable,Rainy
1845,2024-07-22,Banana,Fruit,Rainy
1845,2024-07-22,Onion,Vegetable,All
1846,2024-06-04,Garlic,Vegetable,All
1846,2024-06-04,Ginger,Vegetable,All
1846,2024-06-04,Mango,Fruit,Summer
1847,2024-09-25,Pumpkin,Vegetable,Rainy
1847,2024-09-25,Banana,Fruit,Rainy
1847,2024-09-25,Brinjal,Vegetable,Rainy
1847,2024-09-25,Ginger,Vegetable,All
1847,2024-09-25,Chilli,Vegetable,Rainy
1848,2024-11-01,Garlic,Vegetable,All
1848,2024-11-01,Apple,Fruit,Winter
1848,2024-11-01,Cauliflower,Vegetable,Winter
1849,2024-11-09,Cauliflower,Vegetable,Winter
1849,2024-11-09,Spinach,Vegetable,Winter
1850,2024-11-12,Carrot,Vegetable,Winter
1850,2024-11-12,Cabbage,Vegetable,Winter
1850,2024-11-12,Cauliflower,Vegetable,Winter
1851,2024-12-15,Green Peas,Vegetable,Winter
1851,2024-12-15,Potato,Vegetable,All
1851,2024-12-15,Ginger,Vegetable,All
1852,2024-12-07,Apple,Fruit,Winter
1852,2024-12-07,Coriander,Vegetable,All
1853,2024-12-22,Potato,Vegetable,All
1853,2024-12-22,Ginger,Vegetable,All
1853,2024-12-22,Green Peas,Vegetable,Winter
1853,2024-12-22,Coriander,Vegetable,All
1853,2024-12-22,Beetroot,Vegetable,Winter
1854,2024-02-09,Cauliflower,Vegetable,Winter
1854,2024-02-09,Spinach,Vegetable,Winter
1854,2024-02-09,Onion,Vegetable,All
1854,2024-02-09,Cabbage,Vegetable,Winter
1854,2024-02-09,Coriander,Vegetable,All
1855,2024-02-05,Garlic,Vegetable,All
1855,2024-02-05,Green Peas,Vegetable,Winter
1855,2024-02-05,Spinach,Vegetable,Winter
1855,2024-02-05,Onion,Vegetable,All
1856,2024-09-22,Ginger,Vegetable,All
1856,2024-09-22,Chilli,Vegetable,Rainy
1857,2024-05-25,Muskmelon,Fruit,Summer
1857,2024-05-25,Tomato,Vegetable,Summer
1858,2024-07-16,Garlic,Vegetable,All
1858,2024-07-16,Brinjal,Vegetable,Rainy
1859,2024-10-13,Onion,Vegetable,All
1859,2024-10-13,Coriander,Vegetable,All
1859,2024-10-13,Ginger,Vegetable,All
1860,2024-04-29,Ginger,Vegetable,All
1860,2024-04-29,Watermelon,Fruit,Summer
1860,2024-04-29,Pineapple,Fruit,Summer
1860,2024-04-29,Papaya,Fruit,Summer
1861,2024-04-18,Garlic,Vegetable,All
1861,2024-04-18,Tomato,Vegetable,Summer
1861,2024-04-18,Potato,Vegetable,All
1861,2024-04-18,Ladyfinger,Vegetable,Summer
1862,2024-05-25,Tomato,Vegetable,Summer
1862,2024-05-25,Pineapple,Fruit,Summer
1863,2024-03-04,Muskmelon,Fruit,Summer
1863,2024-03-04,Potato,Vegetable,All
1863,2024-03-04,Ladyfinger,Vegetable,Summer
1863,2024-03-04,Onion,Vegetable,All
1864,2024-04-07,Potato,Vegetable,All
1864,2024-04-07,Muskmelon,Fruit,Summer
1864,2024-04-07,Garlic,Vegetable,All
1864,2024-04-07,Pineapple,Fruit,Summer
1864,2024-04-07,Coriander,Vegetable,All
1865,2024-10-22,Ginger,Vegetable,All
1865,2024-10-22,Potato,Vegetable,All
1866,2024-07-16,Potato,Vegetable,All
1866,2024-07-16,Coriander,Vegetable,All
1866,2024-07-16,Pumpkin,Vegetable,Rainy
1866,2024-07-16,Bottle Gourd,Vegetable,Rainy
1867,2024-06-28,Potato,Vegetable,All
1867,2024-06-28,Coriander,Vegetable,All
1867,2024-06-28,Capsicum,Vegetable,Summer
1867,2024-06-28,Watermelon,Fruit,Summer
1868,2024-07-10,Pumpkin,Vegetable,Rainy
1868,2024-07-10,Banana,Fruit,Rainy
1868,2024-07-10,Radish,Vegetable,Rainy
1869,2024-07-31,Chilli,Vegetable,Rainy
1869,2024-07-31,Garlic,Vegetable,All
1870,2024-12-12,Cabbage,Vegetable,Winter
1870,2024-12-12,Green Peas,Vegetable,Winter
1871,2024-07-10,Onion,Vegetable,All
1871,2024-07-10,Coriander,Vegetable,All
1871,2024-07-10,Potato,Vegetable,All
1872,2024-02-06,Spinach,Vegetable,Winter
1872,2024-02-06,Guava,Fruit,Winter
1873,2024-10-18,Potato,Vegetable,All
1873,2024-10-18,Ginger,Vegetable,All
1873,2024-10-18,Coriander,Vegetable,All
1873,2024-10-18,Garlic,Vegetable,All
1874,2024-04-09,Muskmelon,Fruit,Summer
1874,2024-04-09,Potato,Vegetable,All
1874,2024-04-09,Coriander,Vegetable,All
1874,2024-04-09,Garlic,Vegetable,All
1874,2024-04-09,Tomato,Vegetable,Summer
1875,2024-03-03,Capsicum,Vegetable,Summer
1875,2024-03-03,Muskmelon,Fruit,Summer
1875,2024-03-03,Papaya,Fruit,Summer
1876,2024-05-07,Muskmelon,Fruit,Summer
1876,2024-05-07,Garlic,Vegetable,All
1876,2024-05-07,Coriander,Vegetable,All
1876,2024-05-07,Watermelon,Fruit,Summer
1876,2024-05-07,Papaya,Fruit,Summer
1877,2024-11-28,Cauliflower,Vegetable,Winter
1877,2024-11-28,Cabbage,Vegetable,Winter
1878,2024-08-25,Coriander,Vegetable,All
1878,2024-08-25,Chilli,Vegetable,Rainy
1879,2024-10-05,Ginger,Vegetable,All
1879,2024-10-05,Coriander,Vegetable,All
1879,2024-10-05,Potato,Vegetable,All
1879,2024-10-05,Onion,Vegetable,All
1879,2024-10-05,Garlic,Vegetable,All
1880,2024-03-22,Tomato,Vegetable,Summer
1880,2024-03-22,Papaya,Fruit,Summer
1881,2024-08-21,Radish,Vegetable,Rainy
1881,2024-08-21,Chilli,Vegetable,Rainy
1882,2024-12-19,Green Peas,Vegetable,Winter
1882,2024-12-19,Cabbage,Vegetable,Winter
1883,2024-08-18,Onion,Vegetable,All
1883,2024-08-18,Radish,Vegetable,Rainy
1884,2024-08-25,Brinjal,Vegetable,Rainy
1884,2024-08-25,Chilli,Vegetable,Rainy
1884,2024-08-25,Bottle Gourd,Vegetable,Rainy
1885,2024-11-30,Coriander,Vegetable,All
1885,2024-11-30,Onion,Vegetable,All
1886,2024-08-05,Onion,Vegetable,All
1886,2024-08-05,Radish,Vegetable,Rainy
1887,2024-07-05,Onion,Vegetable,All
1887,2024-07-05,Garlic,Vegetable,All
1887,2024-07-05,Potato,Vegetable,All
1887,2024-07-05,Banana,Fruit,Rainy
1888,2024-10-17,Onion,Vegetable,All
1888,2024-10-17,Garlic,Vegetable,All
1888,2024-10-17,Potato,Vegetable,All
1889,2024-11-11,Coriander,Vegetable,All
1889,2024-11-11,Ginger,Vegetable,All
1889,2024-11-11,Garlic,Vegetable,All
1889,2024-11-11,Spinach,Vegetable,Winter
1889,2024-11-11,Beetroot,Vegetable,Winter
1890,2024-01-25,Onion,Vegetable,All
1890,2024-01-25,Ginger,Vegetable,All
1891,2024-10-29,Coriander,Vegetable,All
1891,2024-10-29,Garlic,Vegetable,All
1892,2024-05-03,Potato,Vegetable,All
1892,2024-05-03,Muskmelon,Fruit,Summer
1892,2024-05-03,Ginger,Vegetable,All
1892,2024-05-03,Ladyfinger,Vegetable,Summer
1892,2024-05-03,Coriander,Vegetable,All
1893,2024-02-29,Green Peas,Vegetable,Winter
1893,2024-02-29,Beetroot,Vegetable,Winter
1894,2024-05-03,Capsicum,Vegetable,Summer
1894,2024-05-03,Muskmelon,Fruit,Summer
1894,2024-05-03,Mango,Fruit,Summer
1894,2024-05-03,Watermelon,Fruit,Summer
1895,2024-02-15,Guava,Fruit,Winter
1895,2024-02-15,Beetroot,Vegetable,Winter
1896,2024-10-21,Coriander,Vegetable,All
1896,2024-10-21,Ginger,Vegetable,All
1896,2024-10-21,Garlic,Vegetable,All
1896,2024-10-21,Potato,Vegetable,All
1897,2024-05-06,Capsicum,Vegetable,Summer
1897,2024-05-06,Ginger,Vegetable,All
1898,2024-11-03,Beetroot,Vegetable,Winter
1898,2024-11-03,Carrot,Vegetable,Winter
1898,2024-11-03,Guava,Fruit,Winter
1898,2024-11-03,Potato,Vegetable,All
1899,2024-04-14,Muskmelon,Fruit,Summer
1899,2024-04-14,Tomato,Vegetable,Summer
1899,2024-04-14,Papaya,Fruit,Summer
1900,2024-03-13,Potato,Vegetable,All
1900,2024-03-13,Mango,Fruit,Summer
1900,2024-03-13,Ladyfinger,Vegetable,Summer
1900,2024-03-13,Coriander,Vegetable,All
1901,2024-04-06,Watermelon,Fruit,Summer
1901,2024-04-06,Tomato,Vegetable,Summer
1902,2024-01-24,Spinach,Vegetable,Winter
1902,2024-01-24,Carrot,Vegetable,Winter
1902,2024-01-24,Apple,Fruit,Winter
1902,2024-01-24,Cauliflower,Vegetable,Winter
1902,2024-01-24,Beetroot,Vegetable,Winter
1903,2024-10-26,Garlic,Vegetable,All
1903,2024-10-26,Potato,Vegetable,All
1903,2024-10-26,Ginger,Vegetable,All
1903,2024-10-26,Onion,Vegetable,All
1903,2024-10-26,Coriander,Vegetable,All
1904,2024-09-09,Garlic,Vegetable,All
1904,2024-09-09,Onion,Vegetable,All
1904,2024-09-09,Pumpkin,Vegetable,Rainy
1904,2024-09-09,Potato,Vegetable,All
1905,2024-02-02,Spinach,Vegetable,Winter
1905,2024-02-02,Potato,Vegetable,All
1905,2024-02-02,Ginger,Vegetable,All
1906,2024-05-22,Papaya,Fruit,Summer
1906,2024-05-22,Coriander,Vegetable,All
1906,2024-05-22,Ginger,Vegetable,All
1906,2024-05-22,Garlic,Vegetable,All
1906,2024-05-22,Pineapple,Fruit,Summer
1907,2024-03-05,Coriander,Vegetable,All
1907,2024-03-05,Watermelon,Fruit,Summer
1907,2024-03-05,Capsicum,Vegetable,Summer
1907,2024-03-05,Potato,Vegetable,All
1907,2024-03-05,Ginger,Vegetable,All
1908,2024-01-21,Carrot,Vegetable,Winter
1908,2024-01-21,Coriander,Vegetable,All
1908,2024-01-21,Cauliflower,Vegetable,Winter
1909,2024-09-12,Radish,Vegetable,Rainy
1909,2024-09-12,Ginger,Vegetable,All
1909,2024-09-12,Pumpkin,Vegetable,Rainy
1909,2024-09-12,Banana,Fruit,Rainy
1910,2024-09-06,Garlic,Vegetable,All
1910,2024-09-06,Brinjal,Vegetable,Rainy
1910,2024-09-06,Bottle Gourd,Vegetable,Rainy
1910,2024-09-06,Ginger,Vegetable,All
1910,2024-09-06,Chilli,Vegetable,Rainy
1911,2024-04-16,Muskmelon,Fruit,Summer
1911,2024-04-16,Coriander,Vegetable,All
1912,2024-11-02,Onion,Vegetable,All
1912,2024-11-02,Garlic,Vegetable,All
1912,2024-11-02,Guava,Fruit,Winter
1913,2024-02-28,Green Peas,Vegetable,Winter
1913,2024-02-28,Cabbage,Vegetable,Winter
1914,2024-12-28,Spinach,Vegetable,Winter
1914,2024-12-28,Onion,Vegetable,All
1914,2024-12-28,Green Peas,Vegetable,Winter
1914,2024-12-28,Potato,Vegetable,All
1914,2024-12-28,Apple,Fruit,Winter
1915,2024-06-04,Pineapple,Fruit,Summer
1915,2024-06-04,Capsicum,Vegetable,Summer
1915,2024-06-04,Coriander,Vegetable,All
1915,2024-06-04,Muskmelon,Fruit,Summer
1915,2024-06-04,Watermelon,Fruit,Summer
1916,2024-07-21,Garlic,Vegetable,All
1916,2024-07-21,Banana,Fruit,Rainy
1916,2024-07-21,Chilli,Vegetable,Rainy
1916,2024-07-21,Brinjal,Vegetable,Rainy
1917,2024-12-11,Guava,Fruit,Winter
1917,2024-12-11,Green Peas,Vegetable,Winter
1917,2024-12-11,Ginger,Vegetable,All
1917,2024-12-11,Potato,Vegetable,All
1917,2024-12-11,Cauliflower,Vegetable,Winter
1918,2024-10-14,Potato,Vegetable,All
1918,2024-10-14,Garlic,Vegetable,All
1918,2024-10-14,Coriander,Vegetable,All
1918,2024-10-14,Ginger,Vegetable,All
1919,2024-11-11,Cabbage,Vegetable,Winter
1919,2024-11-11,Guava,Fruit,Winter
1920,2024-06-28,Papaya,Fruit,Summer
1920,2024-06-28,Onion,Vegetable,All
1920,2024-06-28,Ginger,Vegetable,All
1920,2024-06-28,Tomato,Vegetable,Summer
1921,2024-09-27,Banana,Fruit,Rainy
1921,2024-09-27,Ginger,Vegetable,All
1922,2024-06-20,Coriander,Vegetable,All
1922,2024-06-20,Mango,Fruit,Summer
1922,2024-06-20,Tomato,Vegetable,Summer
1923,2024-02-05,Beetroot,Vegetable,Winter
1923,2024-02-05,Guava,Fruit,Winter
1924,2024-05-08,Coriander,Vegetable,All
1924,2024-05-08,Onion,Vegetable,All
1925,2024-11-04,Green Peas,Vegetable,Winter
1925,2024-11-04,Coriander,Vegetable,All
1925,2024-11-04,Spinach,Vegetable,Winter
1926,2024-03-07,Ladyfinger,Vegetable,Summer
1926,2024-03-07,Mango,Fruit,Summer
1926,2024-03-07,Coriander,Vegetable,All
1927,2024-02-18,Cabbage,Vegetable,Winter
1927,2024-02-18,Green Peas,Vegetable,Winter
1927,2024-02-18,Coriander,Vegetable,All
1927,2024-02-18,Guava,Fruit,Winter
1927,2024-02-18,Ginger,Vegetable,All
1928,2024-07-20,Chilli,Vegetable,Rainy
1928,2024-07-20,Onion,Vegetable,All
1928,2024-07-20,Ginger,Vegetable,All
1928,2024-07-20,Banana,Fruit,Rainy
1928,2024-07-20,Pumpkin,Vegetable,Rainy
1929,2024-10-17,Ginger,Vegetable,All
1929,2024-10-17,Garlic,Vegetable,All
1930,2024-05-18,Tomato,Vegetable,Summer
1930,2024-05-18,Muskmelon,Fruit,Summer
1931,2024-09-22,Brinjal,Vegetable,Rainy
1931,2024-09-22,Radish,Vegetable,Rainy
1931,2024-09-22,Pumpkin,Vegetable,Rainy
1931,2024-09-22,Bottle Gourd,Vegetable,Rainy
1932,2024-07-17,Garlic,Vegetable,All
1932,2024-07-17,Brinjal,Vegetable,Rainy
1932,2024-07-17,Banana,Fruit,Rainy
1932,2024-07-17,Potato,Vegetable,All
1933,2024-10-12,Potato,Vegetable,All
1933,2024-10-12,Garlic,Vegetable,All
1933,2024-10-12,Coriander,Vegetable,All
1934,2024-02-09,Guava,Fruit,Winter
1934,2024-02-09,Garlic,Vegetable,All
1934,2024-02-09,Ginger,Vegetable,All
1934,2024-02-09,Cauliflower,Vegetable,Winter
1934,2024-02-09,Onion,Vegetable,All
1935,2024-09-11,Ginger,Vegetable,All
1935,2024-09-11,Chilli,Vegetable,Rainy
1935,2024-09-11,Radish,Vegetable,Rainy
1936,2024-05-18,Watermelon,Fruit,Summer
1936,2024-05-18,Potato,Vegetable,All
1936,2024-05-18,Ginger,Vegetable,All
1936,2024-05-18,Pineapple,Fruit,Summer
1937,2024-04-06,Ginger,Vegetable,All
1937,2024-04-06,Pineapple,Fruit,Summer
1937,2024-04-06,Ladyfinger,Vegetable,Summer
1938,2024-03-02,Potato,Vegetable,All
1938,2024-03-02,Capsicum,Vegetable,Summer
1939,2024-01-04,Green Peas,Vegetable,Winter
1939,2024-01-04,Carrot,Vegetable,Winter
1939,2024-01-04,Coriander,Vegetable,All
1939,2024-01-04,Cauliflower,Vegetable,Winter
1940,2024-09-23,Radish,Vegetable,Rainy
1940,2024-09-23,Banana,Fruit,Rainy
1940,2024-09-23,Brinjal,Vegetable,Rainy
1941,2024-01-27,Apple,Fruit,Winter
1941,2024-01-27,Green Peas,Vegetable,Winter
1941,2024-01-27,Guava,Fruit,Winter
1941,2024-01-27,Spinach,Vegetable,Winter
1941,2024-01-27,Potato,Vegetable,All
1942,2024-12-03,Garlic,Vegetable,All
1942,2024-12-03,Spinach,Vegetable,Winter
1943,2024-12-29,Ginger,Vegetable,All
1943,2024-12-29,Potato,Vegetable,All
1944,2024-11-03,Beetroot,Vegetable,Winter
1944,2024-11-03,Apple,Fruit,Winter
1944,2024-11-03,Onion,Vegetable,All
1944,2024-11-03,Coriander,Vegetable,All
1945,2024-11-03,Beetroot,Vegetable,Winter
1945,2024-11-03,Green Peas,Vegetable,Winter
1945,2024-11-03,Guava,Fruit,Winter
1945,2024-11-03,Onion,Vegetable,All
1946,2024-05-23,Mango,Fruit,Summer
1946,2024-05-23,Onion,Vegetable,All
1947,2024-08-09,Potato,Vegetable,All
1947,2024-08-09,Radish,Vegetable,Rainy
1947,2024-08-09,Banana,Fruit,Rainy
1948,2024-10-11,Ginger,Vegetable,All
1948,2024-10-11,Onion,Vegetable,All
1948,2024-10-11,Garlic,Vegetable,All
1948,2024-10-11,Coriander,Vegetable,All
1948,2024-10-11,Potato,Vegetable,All
1949,2024-08-06,Bottle Gourd,Vegetable,Rainy
1949,2024-08-06,Chilli,Vegetable,Rainy
1949,2024-08-06,Garlic,Vegetable,All
1949,2024-08-06,Ginger,Vegetable,All
1950,2024-11-22,Onion,Vegetable,All
1950,2024-11-22,Potato,Vegetable,All
1950,2024-11-22,Apple,Fruit,Winter
1950,2024-11-22,Garlic,Vegetable,All
1950,2024-11-22,Guava,Fruit,Winter
1951,2024-04-19,Mango,Fruit,Summer
1951,2024-04-19,Ginger,Vegetable,All
1951,2024-04-19,Pineapple,Fruit,Summer
1951,2024-04-19,Capsicum,Vegetable,Summer
1951,2024-04-19,Muskmelon,Fruit,Summer
1952,2024-10-20,Garlic,Vegetable,All
1952,2024-10-20,Coriander,Vegetable,All
1952,2024-10-20,Potato,Vegetable,All
1952,2024-10-20,Ginger,Vegetable,All
1952,2024-10-20,Onion,Vegetable,All
1953,2024-06-26,Potato,Vegetable,All
1953,2024-06-26,Ladyfinger,Vegetable,Summer
1953,2024-06-26,Pineapple,Fruit,Summer
1953,2024-06-26,Watermelon,Fruit,Summer
1953,2024-06-26,Coriander,Vegetable,All
1954,2024-08-28,Brinjal,Vegetable,Rainy
1954,2024-08-28,Radish,Vegetable,Rainy
1955,2024-01-26,Onion,Vegetable,All
1955,2024-01-26,Green Peas,Vegetable,Winter
1955,2024-01-26,Spinach,Vegetable,Winter
1955,2024-01-26,Ginger,Vegetable,All
1955,2024-01-26,Guava,Fruit,Winter
1956,2024-03-18,Coriander,Vegetable,All
1956,2024-03-18,Mango,Fruit,Summer
1956,2024-03-18,Garlic,Vegetable,All
1956,2024-03-18,Capsicum,Vegetable,Summer
1956,2024-03-18,Ladyfinger,Vegetable,Summer
1957,2024-08-30,Coriander,Vegetable,All
1957,2024-08-30,Banana,Fruit,Rainy
1957,2024-08-30,Pumpkin,Vegetable,Rainy
1957,2024-08-30,Garlic,Vegetable,All
1958,2024-10-20,Ginger,Vegetable,All
1958,2024-10-20,Potato,Vegetable,All
1958,2024-10-20,Onion,Vegetable,All
1958,2024-10-20,Coriander,Vegetable,All
1959,2024-05-03,Pineapple,Fruit,Summer
1959,2024-05-03,Ladyfinger,Vegetable,Summer
1959,2024-05-03,Ginger,Vegetable,All
1959,2024-05-03,Muskmelon,Fruit,Summer
1960,2024-09-22,Garlic,Vegetable,All
1960,2024-09-22,Onion,Vegetable,All
1960,2024-09-22,Potato,Vegetable,All
1960,2024-09-22,Banana,Fruit,Rainy
1960,2024-09-22,Brinjal,Vegetable,Rainy
1961,2024-10-23,Coriander,Vegetable,All
1961,2024-10-23,Garlic,Vegetable,All
1961,2024-10-23,Potato,Vegetable,All
1962,2024-02-14,Ginger,Vegetable,All
1962,2024-02-14,Potato,Vegetable,All
1963,2024-03-08,Mango,Fruit,Summer
1963,2024-03-08,Potato,Vegetable,All
1963,2024-03-08,Pineapple,Fruit,Summer
1963,2024-03-08,Coriander,Vegetable,All
1964,2024-04-25,Mango,Fruit,Summer
1964,2024-04-25,Pineapple,Fruit,Summer
1964,2024-04-25,Coriander,Vegetable,All
1964,2024-04-25,Muskmelon,Fruit,Summer
1965,2024-01-16,Spinach,Vegetable,Winter
1965,2024-01-16,Beetroot,Vegetable,Winter
1966,2024-02-15,Potato,Vegetable,All
1966,2024-02-15,Coriander,Vegetable,All
1967,2024-10-13,Onion,Vegetable,All
1967,2024-10-13,Potato,Vegetable,All
1967,2024-10-13,Coriander,Vegetable,All
1967,2024-10-13,Garlic,Vegetable,All
1968,2024-06-02,Papaya,Fruit,Summer
1968,2024-06-02,Coriander,Vegetable,All
1968,2024-06-02,Tomato,Vegetable,Summer
1968,2024-06-02,Mango,Fruit,Summer
1968,2024-06-02,Onion,Vegetable,All
1969,2024-06-27,Coriander,Vegetable,All
1969,2024-06-27,Pineapple,Fruit,Summer
1970,2024-05-17,Mango,Fruit,Summer
1970,2024-05-17,Ginger,Vegetable,All
1970,2024-05-17,Garlic,Vegetable,All
1970,2024-05-17,Ladyfinger,Vegetable,Summer
1970,2024-05-17,Pineapple,Fruit,Summer
1971,2024-02-16,Beetroot,Vegetable,Winter
1971,2024-02-16,Carrot,Vegetable,Winter
1971,2024-02-16,Green Peas,Vegetable,Winter
1971,2024-02-16,Onion,Vegetable,All
1971,2024-02-16,Ginger,Vegetable,All
1972,2024-01-09,Garlic,Vegetable,All
1972,2024-01-09,Onion,Vegetable,All
1972,2024-01-09,Beetroot,Vegetable,Winter
1972,2024-01-09,Green Peas,Vegetable,Winter
1973,2024-02-07,Cauliflower,Vegetable,Winter
1973,2024-02-07,Garlic,Vegetable,All
1973,2024-02-07,Guava,Fruit,Winter
1973,2024-02-07,Apple,Fruit,Winter
1974,2024-07-23,Radish,Vegetable,Rainy
1974,2024-07-23,Bottle Gourd,Vegetable,Rainy
1975,2024-07-09,Coriander,Vegetable,All
1975,2024-07-09,Bottle Gourd,Vegetable,Rainy
1975,2024-07-09,Chilli,Vegetable,Rainy
1975,2024-07-09,Pumpkin,Vegetable,Rainy
1975,2024-07-09,Ginger,Vegetable,All
1976,2024-06-14,Pineapple,Fruit,Summer
1976,2024-06-14,Ladyfinger,Vegetable,Summer
1976,2024-06-14,Muskmelon,Fruit,Summer
1976,2024-06-14,Coriander,Vegetable,All
1976,2024-06-14,Ginger,Vegetable,All
1977,2024-12-23,Green Peas,Vegetable,Winter
1977,2024-12-23,Garlic,Vegetable,All
1977,2024-12-23,Ginger,Vegetable,All
1977,2024-12-23,Apple,Fruit,Winter
1977,2024-12-23,Potato,Vegetable,All
1978,2024-07-27,Ginger,Vegetable,All
1978,2024-07-27,Potato,Vegetable,All
1978,2024-07-27,Radish,Vegetable,Rainy
1978,2024-07-27,Onion,Vegetable,All
1978,2024-07-27,Banana,Fruit,Rainy
1979,2024-06-16,Coriander,Vegetable,All
1979,2024-06-16,Onion,Vegetable,All
1979,2024-06-16,Papaya,Fruit,Summer
1980,2024-08-11,Chilli,Vegetable,Rainy
1980,2024-08-11,Brinjal,Vegetable,Rainy
1980,2024-08-11,Pumpkin,Vegetable,Rainy
1980,2024-08-11,Bottle Gourd,Vegetable,Rainy
1981,2024-06-28,Papaya,Fruit,Summer
1981,2024-06-28,Watermelon,Fruit,Summer
1981,2024-06-28,Pineapple,Fruit,Summer
1981,2024-06-28,Potato,Vegetable,All
1982,2024-11-11,Potato,Vegetable,All
1982,2024-11-11,Cabbage,Vegetable,Winter
1982,2024-11-11,Onion,Vegetable,All
1982,2024-11-11,Beetroot,Vegetable,Winter
1983,2024-08-11,Garlic,Vegetable,All
1983,2024-08-11,Coriander,Vegetable,All
1984,2024-09-01,Chilli,Vegetable,Rainy
1984,2024-09-01,Banana,Fruit,Rainy
1985,2024-05-04,Onion,Vegetable,All
1985,2024-05-04,Tomato,Vegetable,Summer
1985,2024-05-04,Ginger,Vegetable,All
1986,2024-03-03,Capsicum,Vegetable,Summer
1986,2024-03-03,Onion,Vegetable,All
1986,2024-03-03,Coriander,Vegetable,All
1987,2024-04-19,Ginger,Vegetable,All
1987,2024-04-19,Muskmelon,Fruit,Summer
1988,2024-04-30,Onion,Vegetable,All
1988,2024-04-30,Papaya,Fruit,Summer
1988,2024-04-30,Garlic,Vegetable,All
1988,2024-04-30,Ginger,Vegetable,All
1989,2024-11-12,Cauliflower,Vegetable,Winter
1989,2024-11-12,Guava,Fruit,Winter
1989,2024-11-12,Potato,Vegetable,All
1990,2024-10-21,Coriander,Vegetable,All
1990,2024-10-21,Potato,Vegetable,All
1991,2024-05-29,Watermelon,Fruit,Summer
1991,2024-05-29,Ladyfinger,Vegetable,Summer
1991,2024-05-29,Capsicum,Vegetable,Summer
1991,2024-05-29,Potato,Vegetable,All
1992,2024-09-03,Ginger,Vegetable,All
1992,2024-09-03,Pumpkin,Vegetable,Rainy
1992,2024-09-03,Banana,Fruit,Rainy
1992,2024-09-03,Onion,Vegetable,All
1992,2024-09-03,Bottle Gourd,Vegetable,Rainy
1993,2024-02-23,Garlic,Vegetable,All
1993,2024-02-23,Cabbage,Vegetable,Winter
1993,2024-02-23,Beetroot,Vegetable,Winter
1993,2024-02-23,Onion,Vegetable,All
1993,2024-02-23,Green Peas,Vegetable,Winter
1994,2024-09-23,Ginger,Vegetable,All
1994,2024-09-23,Garlic,Vegetable,All
1994,2024-09-23,Bottle Gourd,Vegetable,Rainy
1994,2024-09-23,Onion,Vegetable,All
1994,2024-09-23,Chilli,Vegetable,Rainy
1995,2024-08-24,Ginger,Vegetable,All
1995,2024-08-24,Chilli,Vegetable,Rainy
1995,2024-08-24,Coriander,Vegetable,All
1995,2024-08-24,Potato,Vegetable,All
1995,2024-08-24,Brinjal,Vegetable,Rainy
1996,2024-09-15,Potato,Vegetable,All
1996,2024-09-15,Garlic,Vegetable,All
1996,2024-09-15,Pumpkin,Vegetable,Rainy
1996,2024-09-15,Ginger,Vegetable,All
1997,2024-08-13,Coriander,Vegetable,All
1997,2024-08-13,Onion,Vegetable,All
1997,2024-08-13,Garlic,Vegetable,All
1998,2024-03-06,Capsicum,Vegetable,Summer
1998,2024-03-06,Ladyfinger,Vegetable,Summer
1998,2024-03-06,Coriander,Vegetable,All
1998,2024-03-06,Onion,Vegetable,All
1999,2024-04-15,Tomato,Vegetable,Summer
1999,2024-04-15,Garlic,Vegetable,All
1999,2024-04-15,Mango,Fruit,Summer
2000,2024-07-20,Garlic,Vegetable,All
2000,2024-07-20,Coriander,Vegetable,All
2000,2024-07-20,Onion,Vegetable,All
2000,2024-07-20,Potato,Vegetable,All
